Workbook

Sheet Soal
A2: TECHNICAL TEST DATA ANALYST | C2: Rubrik Penilaian
C3: Komponen | D3: Bobot (%) | E3: Kriteria Penilaian
A4: Durasi pengerjaan: 96 Jam | C4: Data Handling | D4: 25 | E4: Menghapus error, memperbaiki missing, validasi perhitungan jam kerja
A5: Simpan hasil Technical Test dengan bentuk file Excel lalu kirim melalui Whatsapp. | C5: Excel Formula | D5: 20 | E5: Ketepatan rumus, penggunaan XLOOKUP, IF, SUMIFS
C6: Pivot Table | D6: 20 | E6: Struktur benar, perhitungan akurat, filter berfungsi
A7: A. Data Handling | C7: Dashboard | D7: 25 | E7: Clean, insightful, layout rapih, grafik relevan
A8: 1. Identifikasi dan perbaiki format tanggal (misal: 2024/13/40). Normalisasi seluruh tanggal menjadi format YYYY-MM-DD. | C8: Analytical Insight | D8: 10 | E8: Logis, berbasis data, tidak terlalu umum
A9: 2. Temukan dan tangani missing values pada seluruh kolom Produksi dan Hauling, jelaskan metode penanganan yang digunakan.
A10: 3. Validasi dan koreksi nilai Shift yang salah menjadi kategori yang benar (Day/Night). | C10: Link Dashboard | D10: Python
A11: 4. Deteksi dan tangani data duplikat pada kedua sheet, jelaskan kriteria duplikasi yang digunakan.
A12: 5. Pastikan seluruh kolom numerik berada dalam format angka, perbaiki baris yang berubah menjadi teks.
A13: 6. Identifikasi konsistensi Working_Hours, Delay_Hours, dan Productive_Hours.
C14: Mohon kerjakan dengan jujur dan teliti, gunakan kesempatan ini sebaik dan semaksimal mungkin. SEMANGAT!!
A15: B. Excel Formula
A16: 1. Hitung Produktivitas Excavator = Coal Volume / Working Hours.
A17: 2. Hitung Fuel Ratio = Fuel Usage / Ritase.
A18: 3. Tandai Cycle Time Abnormal (>10 menit).
A19: 4. Hitung Estimated Fuel = Fuel Rate * Working Hours. (Gunakan XLOOKUP untuk menarik Fuel Rate dari data Fleet Master)
A20: 5. Validasi nilai Working Hours = Productive Hours + Delay Hours.
A21: 6. Identifikasi nilai dari rumus Rasio Stripping = OB_Volume/Coal_Volume, serta hitung rata-rata nya. Contoh: jika mendapat hasil maka 2.5 BCM (OB) perlu dipindahkan untuk mendapat 1 Ton Batu Bara.
A24: C. Pivot Table
A25: 1. Total OB & Coal masing-masing Pit.
A26: 2. Ritase dari unit Dump Truck.
A27: 3. Fuel Usage dari unit Dump Truck.
A28: 4. Rata-rata Cycle Time dari unit Dump Truck.
... A37: Tulis insight ringkas (5–8 kalimat) dari dashboard.
E38: Data Analyst - PT MEGA GLOBAL ENERGY

Sheet Produksi
A1: Tanggal | B1: Pit | C1: Seam | D1: Excavator | E1: Shift | F1: OB_Volume | G1: Coal_Volume | H1: Working_Hours | I1: Delay_Hours | J1: Productive_Hours | K1: Deteksi_Tanggal
A2: 2024-01-01 | B2: Pit C | C2: Seam 1 | D2: EX1100 | E2: Evening | F2: 713 | G2: 6438 | H2: 9.92 | I2: 1.86 | J2: 8.06 | K2: =IF(ISNUMBER(DATEVALUE(A2)),"VALID","INVALID") -> VALID
A3: 2024-01-01 | B3: Pit C | C3: Seam 1 | D3: EX1100 | E3: Night | F3: 713 | G3: 6438 | H3: 9.92 | I3: 1.86 | J3: 8.06 | K3: =IF(ISNUMBER(DATEVALUE(A3)),"VALID","INVALID") -> VALID
A4: 2024-01-01 | B4: Pit C | C4: Seam 2 | D4: EX1100 | E4: Night | F4: 1366 | G4: 1078 | H4: 4.44 | I4: 0.72 | J4: 3.72 | K4: =IF(ISNUMBER(DATEVALUE(A4)),"VALID","INVALID") -> VALID
A5: 2024-01-01 | B5: Pit C | C5: Seam 1 | D5: EX1100 | E5: Evening | G5: 6438 | H5: 9.92 | I5: 1.86 | J5: 8.06 | K5: =IF(ISNUMBER(DATEVALUE(A5)),"VALID","INVALID") -> VALID
A6: 2024-01-01 | B6: Pit C | C6: Seam 1 | D6: EX1100 | E6: Night | F6: 713 | G6: 6438 | H6: 9.92 | I6: 1.86 | J6: 8.06 | K6: =IF(ISNUMBER(DATEVALUE(A6)),"VALID","INVALID") -> VALID
A7: 2024-01-01 | B7: Pit C | C7: Seam 2 | D7: EX1100 | E7: Night | F7: 1366 | G7: 1078 | H7: 4.44 | I7: 0.72 | J7: 3.72 | K7: =IF(ISNUMBER(DATEVALUE(A7)),"VALID","INVALID") -> VALID
A8: 2024-01-01 | B8: Pit C | C8: Seam 1 | D8: EX1100 | E8: Night | F8: 713 | G8: 6438 | H8: 9.92 | I8: 1.86 | J8: 8.06 | K8: =IF(ISNUMBER(DATEVALUE(A8)),"VALID","INVALID") -> VALID
A9: 2024-01-02 | B9: Pit A | C9: Seam 1 | D9: EX2500 | E9: Day | F9: 2612 | G9: 2675 | H9: 7.16 | I9: 1.5 | J9: 5.66 | K9: =IF(ISNUMBER(DATEVALUE(A9)),"VALID","INVALID") -> VALID
A10: 2024-01-02 | B10: Pit A | C10: Seam 1 | D10: EX2500 | E10: Day | F10: 2612 | G10: 2675 | H10: 7.16 | I10: 1.5 | J10: 5.66 | K10: =IF(ISNUMBER(DATEVALUE(A10)),"VALID","INVALID") -> VALID
A11: 2024-01-02 | B11: Pit B | C11: Seam 2 | D11: EX2500 | E11: Day | F11: 3737 | G11: 269 | H11: 9.95 | I11: 0.78 | J11: 9.17 | K11: =IF(ISNUMBER(DATEVALUE(A11)),"VALID","INVALID") -> VALID
A12: 2024-01-02 | B12: Pit C | C12: Seam 2 | D12: EX2500 | E12: Day | F12: 7669 | G12: 4949 | H12: 7.54 | I12: 0.96 | J12: 6.58 | K12: =IF(ISNUMBER(DATEVALUE(A12)),"VALID","INVALID") -> VALID
A13: 2024-01-02 | B13: Pit B | C13: Seam 2 | D13: EX2500 | E13: Evening | F13: 3737 | G13: 269 | H13: 9.95 | I13: 0.78 | J13: 9.17 | K13: =IF(ISNUMBER(DATEVALUE(A13)),"VALID","INVALID") -> VALID
A14: 2024-01-03 | B14: Pit A | C14: Seam 2 | D14: EX1200 | E14: Night | F14: 2604 | G14: 1318 | H14: 6.25 | I14: 1.14 | J14: 5.11 | K14: =IF(ISNUMBER(DATEVALUE(A14)),"VALID","INVALID") -> VALID
A15: 2024-01-03 | B15: Pit A | C15: Seam 1 | D15: EX1200 | E15: Night | F15: 684 | G15: 1349 | H15: 5.43 | I15: 0.27 | J15: 5.16 | K15: =IF(ISNUMBER(DATEVALUE(A15)),"VALID","INVALID") -> VALID
A16: 2024-01-03 | B16: Pit A | C16: Seam 2 | D16: EX1200 | E16: Day | F16: 8978 | G16: 3637 | H16: 4.71 | I16: 0.08 | J16: 4.63 | K16: =IF(ISNUMBER(DATEVALUE(A16)),"VALID","INVALID") -> VALID
A17: 2024-01-03 | B17: Pit A | C17: Seam 1 | D17: EX1100 | E17: Evening | F17: 3336 | G17: 2526 | H17: 6.14 | I17: 0.63 | J17: 5.51 | K17: =IF(ISNUMBER(DATEVALUE(A17)),"VALID","INVALID") -> VALID
... A25: 2024-01-03 | B25: Pit A | C25: Seam 2 | D25: EX1200 | E25: Day | F25: 8978 | G25: 3637 | H25: 4.71 | I25: 0.08 | J25: 4.63 | K25: =IF(ISNUMBER(DATEVALUE(A25)),"VALID","INVALID") -> VALID
A26: 2024-01-03 | B26: Pit A | C26: Seam 2 | D26: EX1200 | E26: Day | F26: 8978 | H26: 4.71 | I26: 0.08 | J26: 4.63 | K26: =IF(ISNUMBER(DATEVALUE(A26)),"VALID","INVALID") -> VALID
A27: 2024-01-03 | B27: Pit B | C27: Seam 2 | D27: EX2500 | E27: Night | F27: 3710 | G27: 3388 | H27: 8.73 | I27: 1.18 | J27: 7.55 | K27: =IF(ISNUMBER(DATEVALUE(A27)),"VALID","INVALID") -> VALID
A28: 2024-01-04 | B28: Pit C | C28: Seam 3 | D28: EX1200 | E28: Evening | F28: 5683 | G28: 5055 | H28: 4.59 | I28: 0.17 | J28: 4.42 | K28: =IF(ISNUMBER(DATEVALUE(A28)),"VALID","INVALID") -> VALID
A29: 2024-01-05 | B29: Pit B | C29: Seam 1 | D29: EX2500 | E29: Night | F29: 4512 | G29: 1543 | H29: 5.16 | I29: 0.03 | J29: 5.13 | K29: =IF(ISNUMBER(DATEVALUE(A29)),"VALID","INVALID") -> VALID
A30: 2024-01-07 | B30: Pit C | C30: Seam 2 | D30: EX1200 | E30: Day | F30: 8608 | G30: 1381 | H30: 5.24 | I30: 0.17 | J30: 5.07 | K30: =IF(ISNUMBER(DATEVALUE(A30)),"VALID","INVALID") -> VALID
A31: 2024-01-07 | B31: Pit A | C31: Seam 1 | D31: EX1200 | E31: Night | F31: 2268 | G31: 5211 | H31: 9.78 | I31: 0.33 | J31: 9.45 | K31: =IF(ISNUMBER(DATEVALUE(A31)),"VALID","INVALID") -> VALID
A32: 2024-01-07 | B32: Pit C | C32: Seam 2 | D32: EX1200 | E32: Day | F32: 8608 | G32: 1381 | H32: 5.24 | I32: 0.17 | J32: 5.07 | K32: =IF(ISNUMBER(DATEVALUE(A32)),"VALID","INVALID") -> VALID
A33: 2024-01-09 | B33: Pit C | C33: Seam 3 | D33: EX1100 | E33: Day | F33: 3338 | G33: 3878 | H33: 9.27 | I33: 0.35 | J33: 8.92 | K33: =IF(ISNUMBER(DATEVALUE(A33)),"VALID","INVALID") -> VALID
A34: 2024-01-09 | B34: Pit B | C34: Seam 1 | D34: EX1200 | E34: Day | F34: 5401 | G34: 78 | H34: 8.17 | I34: 0.51 | J34: 7.66 | K34: =IF(ISNUMBER(DATEVALUE(A34)),"VALID","INVALID") -> VALID
A35: 2024-01-09 | B35: Pit A | C35: Seam 3 | D35: EX1200 | E35: Night | F35: 938 | G35: 2671 | H35: 6.8 | I35: 0.97 | J35: 5.83 | K35: =IF(ISNUMBER(DATEVALUE(A35)),"VALID","INVALID") -> VALID
A36: 2024-01-09 | B36: Pit C | C36: Seam 3 | D36: EX1100 | E36: Day | F36: 3338 | G36: 3878 | H36: 9.27 | I36: 0.35 | J36: 8.92 | K36: =IF(ISNUMBER(DATEVALUE(A36)),"VALID","INVALID") -> VALID
A37: 2024-01-09 | B37: Pit A | C37: Seam 3 | D37: EX1200 | E37: Night | F37: 938 | G37: 2671 | H37: 6.8 | I37: 0.97 | J37: 5.83 | K37: =IF(ISNUMBER(DATEVALUE(A37)),"VALID","INVALID") -> VALID
A38: 2024-01-09 | B38: Pit C | C38: Seam 3 | D38: EX1100 | E38: Day | F38: 3338 | G38: 3878 | H38: 9.27 | I38: 0.35 | J38: 8.92 | K38: =IF(ISNUMBER(DATEVALUE(A38)),"VALID","INVALID") -> VALID
... A50: 2024-01-14 | B50: Pit A | C50: Seam 1 | D50: EX2500 | E50: Day | F50: 6140 | G50: 68 | H50: 5.95 | I50: 0.06 | J50: 5.89 | K50: =IF(ISNUMBER(DATEVALUE(A50)),"VALID","INVALID") -> VALID
A51: 2024-01-14 | B51: Pit C | C51: Seam 1 | D51: EX1100 | E51: Night | F51: 8322 | H51: 9.36 | I51: 1.99 | J51: 7.37 | K51: =IF(ISNUMBER(DATEVALUE(A51)),"VALID","INVALID") -> VALID
A52: 2024-01-14 | B52: Pit A | C52: Seam 1 | D52: EX2500 | E52: Day | F52: 6140 | G52: 68 | H52: 5.95 | I52: 0.06 | J52: 5.89 | K52: =IF(ISNUMBER(DATEVALUE(A52)),"VALID","INVALID") -> VALID
A53: 2024-01-14 | B53: Pit C | C53: Seam 1 | D53: EX1100 | E53: Night | F53: 8322 | G53: 5039 | H53: 9.36 | I53: 1.99 | J53: 7.37 | K53: =IF(ISNUMBER(DATEVALUE(A53)),"VALID","INVALID") -> VALID
A54: 2024-01-14 | B54: Pit A | C54: Seam 3 | D54: EX2500 | E54: Day | F54: 5415 | G54: 5800 | H54: 4.57 | I54: 0.38 | J54: 4.19 | K54: =IF(ISNUMBER(DATEVALUE(A54)),"VALID","INVALID") -> VALID
A55: 2024-01-14 | B55: Pit A | C55: Seam 3 | D55: EX2500 | E55: Day | F55: 5415 | G55: 5800 | H55: 4.57 | I55: 0.38 | J55: 4.19 | K55: =IF(ISNUMBER(DATEVALUE(A55)),"VALID","INVALID") -> VALID
A56: 2024-01-14 | B56: Pit A | C56: Seam 3 | D56: EX2500 | E56: Day | F56: 5415 | G56: 5800 | H56: 4.57 | I56: 0.38 | J56: 4.19 | K56: =IF(ISNUMBER(DATEVALUE(A56)),"VALID","INVALID") -> VALID
A57: 2024-01-15 | B57: Pit A | C57: Seam 1 | D57: EX1100 | E57: Day | F57: 7864 | G57: 4876 | H57: 6.23 | I57: 1.01 | J57: 5.22 | K57: =IF(ISNUMBER(DATEVALUE(A57)),"VALID","INVALID") -> VALID
A58: 2024-01-15 | B58: Pit A | C58: Seam 1 | D58: EX1200 | E58: Day | F58: 4629 | G58: 6379 | H58: 6.26 | I58: 1.64 | J58: 4.62 | K58: =IF(ISNUMBER(DATEVALUE(A58)),"VALID","INVALID") -> VALID
A59: 2024-01-15 | B59: Pit A | C59: Seam 1 | D59: EX1200 | E59: Day | F59: 4629 | G59: 6379 | H59: 6.26 | I59: 1.64 | J59: 4.62 | K59: =IF(ISNUMBER(DATEVALUE(A59)),"VALID","INVALID") -> VALID
A60: 2024-01-15 | B60: Pit C | C60: Seam 3 | D60: EX1200 | E60: Day | F60: 4466 | G60: 3023 | H60: 8.98 | I60: 0.75 | J60: 8.23 | K60: =IF(ISNUMBER(DATEVALUE(A60)),"VALID","INVALID") -> VALID
A61: 2024-01-15 | B61: Pit A | C61: Seam 1 | D61: EX1100 | E61: Day | G61: 4876 | H61: 6.23 | I61: 1.01 | J61: 5.22 | K61: =IF(ISNUMBER(DATEVALUE(A61)),"VALID","INVALID") -> VALID
A62: 2024-01-15 | B62: Pit C | C62: Seam 1 | D62: EX1100 | E62: Night | G62: 4358 | H62: 6.25 | I62: 0.94 | J62: 5.31 | K62: =IF(ISNUMBER(DATEVALUE(A62)),"VALID","INVALID") -> VALID
A63: 2024-01-15 | B63: Pit C | C63: Seam 3 | D63: EX1200 | E63: Evening | F63: 4466 | G63: 3023 | H63: 8.98 | I63: 0.75 | J63: 8.23 | K63: =IF(ISNUMBER(DATEVALUE(A63)),"VALID","INVALID") -> VALID
A64: 2024-01-15 | B64: Pit A | C64: Seam 1 | D64: EX1100 | E64: Day | F64: 7864 | G64: 4876 | H64: 6.23 | I64: 1.01 | J64: 5.22 | K64: =IF(ISNUMBER(DATEVALUE(A64)),"VALID","INVALID") -> VALID
A65: 2024-01-15 | B65: Pit A | C65: Seam 1 | D65: EX1100 | E65: Day | F65: 7864 | G65: 4876 | H65: 6.23 | I65: 1.01 | J65: 5.22 | K65: =IF(ISNUMBER(DATEVALUE(A65)),"VALID","INVALID") -> VALID
A66: 2024-01-16 | B66: Pit B | C66: Seam 2 | D66: EX1200 | E66: Day | F66: 4108 | G66: 4099 | H66: 9.24 | I66: 1.82 | J66: 7.42 | K66: =IF(ISNUMBER(DATEVALUE(A66)),"VALID","INVALID") -> VALID
A67: 2024-01-16 | B67: Pit B | C67: Seam 2 | D67: EX1200 | E67: Day | F67: 4108 | G67: 4099 | H67: 9.24 | I67: 1.82 | J67: 7.42 | K67: =IF(ISNUMBER(DATEVALUE(A67)),"VALID","INVALID") -> VALID
A68: 2024-01-16 | B68: Pit B | C68: Seam 2 | D68: EX1200 | E68: Day | F68: 4108 | G68: 4099 | H68: 9.24 | I68: 1.82 | J68: 7.42 | K68: =IF(ISNUMBER(DATEVALUE(A68)),"VALID","INVALID") -> VALID
A69: 2024-01-16 | B69: Pit B | C69: Seam 2 | D69: EX1200 | E69: Day | F69: 4108 | G69: 4099 | H69: 9.24 | I69: 1.82 | J69: 7.42 | K69: =IF(ISNUMBER(DATEVALUE(A69)),"VALID","INVALID") -> VALID
A70: 2024-01-17 | B70: Pit A | C70: Seam 2 | D70: EX2500 | E70: Night | F70: 503 | G70: 3033 | H70: 7.33 | I70: 0.73 | J70: 6.6 | K70: =IF(ISNUMBER(DATEVALUE(A70)),"VALID","INVALID") -> VALID
A71: 2024-01-17 | B71: Pit A | D71: EX2500 | E71: Night | F71: 503 | G71: 3033 | H71: 7.33 | I71: 0.73 | J71: 6.6 | K71: =IF(ISNUMBER(DATEVALUE(A71)),"VALID","INVALID") -> VALID
A72: 2024-01-17 | B72: Pit A | C72: Seam 2 | D72: EX2500 | E72: Night | F72: 503 | G72: 3033 | H72: 7.33 | I72: 0.73 | J72: 6.6 | K72: =IF(ISNUMBER(DATEVALUE(A72)),"VALID","INVALID") -> VALID
A73: 2024-01-17 | B73: Pit A | C73: Seam 1 | D73: EX1100 | E73: Day | F73: 8658 | G73: 999 | H73: 8.54 | I73: 1.89 | J73: 6.65 | K73: =IF(ISNUMBER(DATEVALUE(A73)),"VALID","INVALID") -> VALID
A74: 2024-01-17 | B74: Pit A | C74: Seam 2 | D74: EX2500 | E74: Night | F74: 503 | G74: 3033 | H74: 7.33 | I74: 0.73 | J74: 6.6 | K74: =IF(ISNUMBER(DATEVALUE(A74)),"VALID","INVALID") -> VALID
A75: 2024-01-17 | B75: Pit A | C75: Seam 1 | D75: EX1100 | E75: Day | F75: 8658 | G75: 999 | H75: 8.54 | I75: 1.89 | J75: 6.65 | K75: =IF(ISNUMBER(DATEVALUE(A75)),"VALID","INVALID") -> VALID
A76: 2024-01-18 | B76: Pit A | C76: Seam 3 | D76: EX1100 | E76: Day | F76: 2292 | G76: 254 | H76: 5.83 | I76: 1.8 | J76: 4.03 | K76: =IF(ISNUMBER(DATEVALUE(A76)),"VALID","INVALID") -> VALID
A77: 2024-01-18 | B77: Pit C | C77: Seam 2 | D77: EX1200 | E77: Day | F77: 6094 | G77: 6929 | H77: 5.72 | I77: 0.89 | J77: 4.83 | K77: =IF(ISNUMBER(DATEVALUE(A77)),"VALID","INVALID") -> VALID
A78: 2024-01-19 | B78: Pit C | C78: Seam 1 | D78: EX2500 | E78: Night | F78: 4201 | G78: 5551 | H78: 8.78 | I78: 0.88 | J78: 7.9 | K78: =IF(ISNUMBER(DATEVALUE(A78)),"VALID","INVALID") -> VALID
A79: 2024-01-19 | B79: Pit C | C79: Seam 1 | D79: EX2500 | E79: Night | F79: 3700 | G79: 1372 | H79: 5.3 | I79: 0.91 | J79: 4.39 | K79: =IF(ISNUMBER(DATEVALUE(A79)),"VALID","INVALID") -> VALID
A80: 2024-01-19 | B80: Pit C | C80: Seam 1 | D80: EX2500 | E80: Night | F80: 3700 | G80: 1372 | H80: 5.3 | I80: 0.91 | J80: 4.39 | K80: =IF(ISNUMBER(DATEVALUE(A80)),"VALID","INVALID") -> VALID
A81: 2024-01-19 | B81: Pit B | C81: Seam 2 | D81: EX1200 | E81: Day | F81: 2340 | G81: 5815 | H81: 4 | I81: 0.9 | J81: 3.1 | K81: =IF(ISNUMBER(DATEVALUE(A81)),"VALID","INVALID") -> VALID
A82: 2024-01-19 | B82: Pit C | C82: Seam 1 | D82: EX2500 | E82: Night | F82: 4201 | G82: 5551 | H82: 8.78 | I82: 0.88 | J82: 7.9 | K82: =IF(ISNUMBER(DATEVALUE(A82)),"VALID","INVALID") -> VALID
A83: 2024-01-20 | B83: Pit A | C83: Seam 2 | D83: EX1200 | E83: Night | F83: 2608 | G83: 5513 | H83: 5.5 | I83: 0.89 | J83: 4.61 | K83: =IF(ISNUMBER(DATEVALUE(A83)),"VALID","INVALID") -> VALID
... A92: 2024-01-24 | B92: Pit C | C92: Seam 2 | D92: EX2500 | E92: Evening | F92: 996 | G92: 3003 | H92: 6.17 | I92: 0.08 | J92: 6.09 | K92: =IF(ISNUMBER(DATEVALUE(A92)),"VALID","INVALID") -> VALID
A93: 2024-01-25 | B93: Pit B | C93: Seam 2 | E93: Day | F93: 6106 | G93: 4221 | H93: 8.32 | I93: 1.94 | J93: 6.38 | K93: =IF(ISNUMBER(DATEVALUE(A93)),"VALID","INVALID") -> VALID
A94: 2024-01-25 | B94: Pit C | C94: Seam 3 | D94: EX2500 | E94: Night | F94: 6073 | G94: 3081 | H94: 4.07 | I94: 1.22 | J94: 2.85 | K94: =IF(ISNUMBER(DATEVALUE(A94)),"VALID","INVALID") -> VALID
A95: 2024-01-25 | B95: Pit B | C95: Seam 2 | D95: EX2500 | E95: Day | F95: 6106 | G95: 4221 | H95: 8.32 | I95: 1.94 | J95: 6.38 | K95: =IF(ISNUMBER(DATEVALUE(A95)),"VALID","INVALID") -> VALID
A96: 2024-01-26 | B96: Pit B | C96: Seam 3 | D96: EX2500 | E96: Day | F96: 7956 | G96: 1862 | H96: 9.42 | I96: 0.59 | J96: 8.83 | K96: =IF(ISNUMBER(DATEVALUE(A96)),"VALID","INVALID") -> VALID
A97: 2024-01-26 | B97: Pit B | C97: Seam 3 | D97: EX2500 | E97: Day | F97: 7956 | G97: 1862 | H97: 9.42 | I97: 0.59 | J97: 8.83 | K97: =IF(ISNUMBER(DATEVALUE(A97)),"VALID","INVALID") -> VALID
A98: 2024-01-26 | B98: Pit B | C98: Seam 3 | D98: EX1100 | E98: Night | F98: 4811 | G98: 6781 | H98: 4.11 | I98: 0.7 | J98: 3.41 | K98: =IF(ISNUMBER(DATEVALUE(A98)),"VALID","INVALID") -> VALID
A99: 2024-01-26 | B99: Pit B | C99: Seam 3 | D99: EX1100 | E99: Evening | F99: 4811 | G99: 6781 | H99: 4.11 | I99: 0.7 | J99: 3.41 | K99: =IF(ISNUMBER(DATEVALUE(A99)),"VALID","INVALID") -> VALID
A100: 2024-01-26 | B100: Pit B | C100: Seam 3 | D100: EX1100 | E100: Night | F100: 4811 | G100: 6781 | H100: 4.11 | I100: 0.7 | J100: 3.41 | K100: =IF(ISNUMBER(DATEVALUE(A100)),"VALID","INVALID") -> VALID
A101: 2024-01-26 | B101: Pit B | C101: Seam 2 | D101: EX2500 | E101: Night | F101: 7640 | G101: 2928 | H101: 7.8 | I101: 0.93 | J101: 6.87 | K101: =IF(ISNUMBER(DATEVALUE(A101)),"VALID","INVALID") -> VALID
A102: 2024-01-26 | B102: Pit B | C102: Seam 2 | D102: EX2500 | E102: Night | F102: 7640 | G102: 2928 | H102: 7.8 | I102: 0.93 | J102: 6.87 | K102: =IF(ISNUMBER(DATEVALUE(A102)),"VALID","INVALID") -> VALID
A103: 2024-01-27 | B103: Pit A | C103: Seam 2 | D103: EX1200 | E103: Night | F103: 8898 | G103: 6758 | H103: 4.04 | I103: 1.89 | J103: 2.15 | K103: =IF(ISNUMBER(DATEVALUE(A103)),"VALID","INVALID") -> VALID
A104: 2024-01-27 | B104: Pit A | C104: Seam 2 | D104: EX1200 | E104: Night | F104: 3761 | G104: 658 | H104: 9.94 | I104: 1.99 | J104: 7.95 | K104: =IF(ISNUMBER(DATEVALUE(A104)),"VALID","INVALID") -> VALID
A105: 2024-01-27 | B105: Pit A | C105: Seam 2 | D105: EX1200 | E105: Evening | F105: 3761 | G105: 658 | H105: 9.94 | I105: 1.99 | J105: 7.95 | K105: =IF(ISNUMBER(DATEVALUE(A105)),"VALID","INVALID") -> VALID
... A133: 2024-02-05 | B133: Pit C | C133: Seam 3 | D133: EX2500 | E133: Day | F133: 2142 | G133: 2619 | H133: 6.2 | I133: 0.27 | J133: 5.93 | K133: =IF(ISNUMBER(DATEVALUE(A133)),"VALID","INVALID") -> VALID
A134: 2024-02-05 | B134: Pit C | C134: Seam 2 | E134: Day | F134: 6832 | G134: 5330 | H134: 4.42 | I134: 0.41 | J134: 4.01 | K134: =IF(ISNUMBER(DATEVALUE(A134)),"VALID","INVALID") -> VALID
A135: 2024-02-06 | B135: Pit A | C135: Seam 3 | D135: EX2500 | E135: Day | F135: 2901 | G135: 1408 | H135: 4.36 | I135: 0.72 | J135: 3.64 | K135: =IF(ISNUMBER(DATEVALUE(A135)),"VALID","INVALID") -> VALID
A136: 2024-02-06 | B136: Pit A | C136: Seam 3 | D136: EX2500 | E136: Day | F136: 2901 | G136: 1408 | H136: 4.36 | I136: 0.72 | J136: 3.64 | K136: =IF(ISNUMBER(DATEVALUE(A136)),"VALID","INVALID") -> VALID
A137: 2024-02-09 | B137: Pit B | C137: Seam 1 | D137: EX1200 | E137: Day | F137: 6569 | G137: 1391 | H137: 7.1 | I137: 0.35 | J137: 6.75 | K137: =IF(ISNUMBER(DATEVALUE(A137)),"VALID","INVALID") -> VALID
A138: 2024-02-09 | B138: Pit B | C138: Seam 1 | D138: EX1200 | E138: Day | F138: 6569 | G138: 1391 | H138: 7.1 | I138: 0.35 | J138: 6.75 | K138: =IF(ISNUMBER(DATEVALUE(A138)),"VALID","INVALID") -> VALID
A139: 2024-02-10 | B139: Pit A | C139: Seam 1 | D139: EX1100 | E139: Day | F139: 5615 | G139: 3582 | H139: 8.6 | I139: 1.04 | J139: 7.56 | K139: =IF(ISNUMBER(DATEVALUE(A139)),"VALID","INVALID") -> VALID
A140: 2024-02-10 | B140: Pit A | C140: Seam 1 | D140: EX1100 | E140: Day | F140: 5615 | G140: 3582 | H140: 8.6 | I140: 1.04 | J140: 7.56 | K140: =IF(ISNUMBER(DATEVALUE(A140)),"VALID","INVALID") -> VALID
A141: 2024-02-10 | B141: Pit C | C141: Seam 1 | D141: EX2500 | E141: Day | F141: 2077 | G141: 5424 | H141: 5.46 | I141: 0.81 | J141: 4.65 | K141: =IF(ISNUMBER(DATEVALUE(A141)),"VALID","INVALID") -> VALID
A142: 2024-02-10 | B142: Pit C | C142: Seam 1 | D142: EX2500 | E142: Day | F142: 2077 | G142: 5424 | H142: 5.46 | I142: 0.81 | J142: 4.65 | K142: =IF(ISNUMBER(DATEVALUE(A142)),"VALID","INVALID") -> VALID
A143: 2024-02-10 | B143: Pit C | C143: Seam 1 | D143: EX2500 | E143: Day | F143: 2077 | G143: 5424 | H143: 5.46 | I143: 0.81 | J143: 4.65 | K143: =IF(ISNUMBER(DATEVALUE(A143)),"VALID","INVALID") -> VALID
A144: 2024-02-10 | B144: Pit C | C144: Seam 1 | D144: EX2500 | E144: Day | F144: 2077 | G144: 5424 | H144: 5.46 | I144: 0.81 | J144: 4.65 | K144: =IF(ISNUMBER(DATEVALUE(A144)),"VALID","INVALID") -> VALID
A145: 2024-02-10 | B145: Pit C | C145: Seam 1 | D145: EX2500 | E145: Day | F145: 2077 | G145: 5424 | H145: 5.46 | I145: 0.81 | J145: 4.65 | K145: =IF(ISNUMBER(DATEVALUE(A145)),"VALID","INVALID") -> VALID
A146: 2024-02-11 | B146: Pit C | C146: Seam 2 | D146: EX1200 | E146: Day | F146: 1076 | G146: 657 | H146: 5.9 | I146: 1.99 | J146: 3.91 | K146: =IF(ISNUMBER(DATEVALUE(A146)),"VALID","INVALID") -> VALID
... A158: 2024-02-16 | B158: Pit B | C158: Seam 2 | D158: EX1200 | E158: Night | F158: 4744 | G158: 4602 | H158: 9.45 | I158: 0.17 | J158: 9.28 | K158: =IF(ISNUMBER(DATEVALUE(A158)),"VALID","INVALID") -> VALID
A159: 2024-02-16 | B159: Pit A | C159: Seam 1 | D159: EX2500 | E159: Night | F159: 5154 | H159: 5.06 | I159: 0.16 | J159: 4.9 | K159: =IF(ISNUMBER(DATEVALUE(A159)),"VALID","INVALID") -> VALID
A160: 2024-02-16 | B160: Pit A | C160: Seam 1 | D160: EX2500 | E160: Night | F160: 5154 | H160: 5.06 | I160: 0.16 | J160: 4.9 | K160: =IF(ISNUMBER(DATEVALUE(A160)),"VALID","INVALID") -> VALID
A161: 2024-02-17 | B161: Pit A | C161: Seam 3 | D161: EX1100 | E161: Night | F161: 7607 | G161: 4801 | H161: 6.5 | I161: 1.52 | J161: 4.98 | K161: =IF(ISNUMBER(DATEVALUE(A161)),"VALID","INVALID") -> VALID
A162: 2024-02-17 | B162: Pit B | C162: Seam 3 | D162: EX1100 | E162: Day | F162: 1958 | G162: 2487 | H162: 6.37 | I162: 0.68 | J162: 5.69 | K162: =IF(ISNUMBER(DATEVALUE(A162)),"VALID","INVALID") -> VALID
A163: 2024-02-18 | B163: Pit B | C163: Seam 2 | D163: EX1200 | E163: Night | F163: 7846 | G163: 3226 | H163: 9.9 | I163: 0.26 | J163: 9.64 | K163: =IF(ISNUMBER(DATEVALUE(A163)),"VALID","INVALID") -> VALID
A164: 2024-02-18 | B164: Pit C | C164: Seam 3 | D164: EX2500 | E164: Night | F164: 3640 | G164: 4576 | H164: 7.69 | I164: 1.92 | J164: 5.77 | K164: =IF(ISNUMBER(DATEVALUE(A164)),"VALID","INVALID") -> VALID
...

Sheet Hauling
A1: Tanggal | B1: Dump_Truck | C1: Distance_km | D1: Cycle_Time_min | E1: Ritase | F1: Fuel_Usage_L | G1: Deteksi_Tanggal
A2: 2024-01-01 | B2: DT03 | C2: 3.85 | D2: 8.63 | E2: 27 | F2: 85.69 | G2: =IF(ISNUMBER(DATEVALUE(A2)),"VALID","INVALID") -> VALID
A3: 2024-01-03 | B3: DT03 | C3: 3.86 | D3: 9.33 | E3: 43 | F3: 135.67 | G3: =IF(ISNUMBER(DATEVALUE(A3)),"VALID","INVALID") -> VALID
A4: 2024-01-03 | B4: DT03 | C4: 3.86 | D4: 9.33 | E4: 43 | F4: 135.67 | G4: =IF(ISNUMBER(DATEVALUE(A4)),"VALID","INVALID") -> VALID
A5: 2024-01-03 | B5: DT01 | C5: 6.1 | D5: 11.43 | E5: 20 | F5: 50.09 | G5: =IF(ISNUMBER(DATEVALUE(A5)),"VALID","INVALID") -> VALID
A6: 2024-01-04 | B6: DT02 | C6: 4.94 | D6: 8.73 | E6: 42 | F6: 118.19 | G6: =IF(ISNUMBER(DATEVALUE(A6)),"VALID","INVALID") -> VALID
A7: 2024-01-04 | B7: DT02 | C7: 4.94 | D7: 8.73 | E7: 42 | F7: 118.19 | G7: =IF(ISNUMBER(DATEVALUE(A7)),"VALID","INVALID") -> VALID
A8: 2024-01-04 | B8: DT05 | C8: 4.08 | D8: 5.88 | E8: 32 | F8: 103.67 | G8: =IF(ISNUMBER(DATEVALUE(A8)),"VALID","INVALID") -> VALID
A9: 2024-01-07 | B9: DT05 | C9: 3.52 | D9: 8.71 | E9: 20 | F9: 66.83 | G9: =IF(ISNUMBER(DATEVALUE(A9)),"VALID","INVALID") -> VALID
A10: 2024-01-07 | B10: DT02 | C10: 5.93 | D10: 9.03 | E10: 16 | F10: 32.38 | G10: =IF(ISNUMBER(DATEVALUE(A10)),"VALID","INVALID") -> VALID
A11: 2024-01-07 | B11: DT04 | C11: 5.11 | D11: 8.66 | E11: 45 | F11: 135.11 | G11: =IF(ISNUMBER(DATEVALUE(A11)),"VALID","INVALID") -> VALID
A12: 2024-01-07 | B12: DT02 | C12: 3.34 | D12: 13.06 | E12: 27 | F12: 69.2 | G12: =IF(ISNUMBER(DATEVALUE(A12)),"VALID","INVALID") -> VALID
A13: 2024-01-07 | B13: DT02 | C13: 7.98 | D13: 9.53 | E13: 32 | F13: 73.96 | G13: =IF(ISNUMBER(DATEVALUE(A13)),"VALID","INVALID") -> VALID
... A28: 2024-01-10 | B28: DT03 | C28: 4.68 | D28: 8.76 | E28: 25 | F28: 59.96 | G28: =IF(ISNUMBER(DATEVALUE(A28)),"VALID","INVALID") -> VALID
A29: 2024-01-10 | B29: DT03 | C29: 4.68 | D29: 8.76 | E29: 25 | G29: =IF(ISNUMBER(DATEVALUE(A29)),"VALID","INVALID") -> VALID
A30: 2024-01-10 | B30: DT04 | C30: 5.32 | D30: 7.89 | E30: 35 | F30: 118.77 | G30: =IF(ISNUMBER(DATEVALUE(A30)),"VALID","INVALID") -> VALID
A31: 2024-01-10 | B31: DT03 | C31: 4.68 | D31: 8.76 | E31: 25 | F31: 59.96 | G31: =IF(ISNUMBER(DATEVALUE(A31)),"VALID","INVALID") -> VALID
A32: 2024-01-10 | B32: DT03 | C32: 4.68 | D32: 8.76 | E32: 25 | F32: 59.96 | G32: =IF(ISNUMBER(DATEVALUE(A32)),"VALID","INVALID") -> VALID
A33: 2024-01-10 | B33: DT03 | C33: 6.61 | D33: 12.22 | E33: 39 | F33: 78.21 | G33: =IF(ISNUMBER(DATEVALUE(A33)),"VALID","INVALID") -> VALID
A34: 2024-01-10 | B34: DT04 | C34: 5.32 | D34: 7.89 | E34: 35 | F34: 118.77 | G34: =IF(ISNUMBER(DATEVALUE(A34)),"VALID","INVALID") -> VALID
A35: 2024-01-11 | B35: DT01 | C35: 4.05 | D35: 9.03 | E35: 16 | F35: 32.62 | G35: =IF(ISNUMBER(DATEVALUE(A35)),"VALID","INVALID") -> VALID
A36: 2024-01-11 | B36: DT01 | C36: 4.05 | D36: 9.03 | E36: 16 | F36: 32.62 | G36: =IF(ISNUMBER(DATEVALUE(A36)),"VALID","INVALID") -> VALID
A37: 2024-01-12 | B37: DT01 | C37: 6.56 | D37: 7.02 | E37: 35 | F37: 71.32 | G37: =IF(ISNUMBER(DATEVALUE(A37)),"VALID","INVALID") -> VALID
A38: 2024-01-12 | B38: DT01 | C38: 7.97 | D38: 7.7 | E38: 18 | F38: 56.19 | G38: =IF(ISNUMBER(DATEVALUE(A38)),"VALID","INVALID") -> VALID
A39: 2024-01-12 | B39: DT05 | C39: 4.04 | D39: 5.52 | E39: 30 | F39: 78.6 | G39: =IF(ISNUMBER(DATEVALUE(A39)),"VALID","INVALID") -> VALID
A40: 2024-01-12 | B40: DT03 | C40: 6.61 | D40: 12.47 | E40: 41 | F40: 137.43 | G40: =IF(ISNUMBER(DATEVALUE(A40)),"VALID","INVALID") -> VALID
A41: 2024-01-14 | B41: DT02 | C41: 6.63 | D41: 7.09 | E41: 18 | F41: 55.57 | G41: =IF(ISNUMBER(DATEVALUE(A41)),"VALID","INVALID") -> VALID
... A52: 2024-01-17 | B52: DT04 | C52: 5.02 | D52: 6.06 | E52: 43 | F52: 119.57 | G52: =IF(ISNUMBER(DATEVALUE(A52)),"VALID","INVALID") -> VALID
A53: 2024-01-17 | B53: DT04 | C53: 7.85 | D53: 9.75 | E53: 36 | G53: =IF(ISNUMBER(DATEVALUE(A53)),"VALID","INVALID") -> VALID
A54: 2024-01-17 | B54: DT02 | C54: 4.36 | D54: 11.31 | E54: 29 | F54: 56.56 | G54: =IF(ISNUMBER(DATEVALUE(A54)),"VALID","INVALID") -> VALID
A55: 2024-01-17 | B55: DT04 | C55: 7.85 | D55: 9.75 | E55: 36 | F55: 81.66 | G55: =IF(ISNUMBER(DATEVALUE(A55)),"VALID","INVALID") -> VALID
A56: 2024-01-17 | B56: DT04 | C56: 5.02 | D56: 6.06 | E56: 43 | F56: 119.57 | G56: =IF(ISNUMBER(DATEVALUE(A56)),"VALID","INVALID") -> VALID
A57: 2024-01-17 | B57: DT04 | C57: 7.85 | D57: 9.75 | E57: 36 | F57: 81.66 | G57: =IF(ISNUMBER(DATEVALUE(A57)),"VALID","INVALID") -> VALID
A58: 2024-01-18 | B58: DT04 | C58: 2.96 | D58: 6.6 | E58: 30 | F58: 73.32 | G58: =IF(ISNUMBER(DATEVALUE(A58)),"VALID","INVALID") -> VALID
A59: 2024-01-18 | B59: DT04 | C59: 2.96 | D59: 6.6 | E59: 30 | F59: 73.32 | G59: =IF(ISNUMBER(DATEVALUE(A59)),"VALID","INVALID") -> VALID
A60: 2024-01-18 | B60: DT04 | C60: 2.96 | D60: 6.6 | E60: 30 | F60: 73.32 | G60: =IF(ISNUMBER(DATEVALUE(A60)),"VALID","INVALID") -> VALID
A61: 2024-01-18 | B61: DT04 | C61: 2.96 | D61: 6.6 | E61: 30 | F61: 73.32 | G61: =IF(ISNUMBER(DATEVALUE(A61)),"VALID","INVALID") -> VALID
A62: 2024-01-18 | B62: DT04 | C62: 2.96 | D62: 6.6 | E62: 30 | F62: 73.32 | G62: =IF(ISNUMBER(DATEVALUE(A62)),"VALID","INVALID") -> VALID
A63: 2024-01-18 | B63: DT04 | C63: 2.96 | D63: 6.6 | E63: 30 | F63: 73.32 | G63: =IF(ISNUMBER(DATEVALUE(A63)),"VALID","INVALID") -> VALID
A64: 2024-01-18 | B64: DT04 | C64: 2.96 | D64: 6.6 | E64: 30 | F64: 73.32 | G64: =IF(ISNUMBER(DATEVALUE(A64)),"VALID","INVALID") -> VALID
A65: 2024-01-20 | B65: DT05 | C65: 5.33 | D65: 7.31 | E65: 8 | F65: 15.8 | G65: =IF(ISNUMBER(DATEVALUE(A65)),"VALID","INVALID") -> VALID
... A70: 2024-01-21 | B70: DT03 | C70: 5.24 | D70: 9.46 | E70: 18 | F70: 51.6 | G70: =IF(ISNUMBER(DATEVALUE(A70)),"VALID","INVALID") -> VALID
A71: 2024-01-21 | B71: DT04 | C71: 3.38 | E71: 17 | F71: 44.31 | G71: =IF(ISNUMBER(DATEVALUE(A71)),"VALID","INVALID") -> VALID
A72: 2024-01-23 | B72: DT05 | C72: 5.94 | D72: 8.99 | E72: 9 | F72: 21.06 | G72: =IF(ISNUMBER(DATEVALUE(A72)),"VALID","INVALID") -> VALID
A73: 2024-01-23 | B73: DT01 | C73: 6.05 | D73: 7.19 | E73: 19 | F73: 58.83 | G73: =IF(ISNUMBER(DATEVALUE(A73)),"VALID","INVALID") -> VALID
A74: 2024-01-23 | C74: 5.94 | D74: 8.99 | E74: 9 | F74: 21.06 | G74: =IF(ISNUMBER(DATEVALUE(A74)),"VALID","INVALID") -> VALID
A75: 2024-01-23 | B75: DT01 | C75: 6.05 | D75: 7.19 | E75: 19 | F75: 58.83 | G75: =IF(ISNUMBER(DATEVALUE(A75)),"VALID","INVALID") -> VALID
A76: 2024-01-24 | B76: DT03 | C76: 7.97 | D76: 7.52 | E76: 23 | F76: 54.97 | G76: =IF(ISNUMBER(DATEVALUE(A76)),"VALID","INVALID") -> VALID
A77: 2024-01-24 | B77: DT02 | C77: 2.09 | D77: 10.22 | E77: 40 | F77: 118.19 | G77: =IF(ISNUMBER(DATEVALUE(A77)),"VALID","INVALID") -> VALID
A78: 2024-01-24 | B78: DT02 | C78: 2.09 | D78: 10.22 | E78: 40 | F78: 118.19 | G78: =IF(ISNUMBER(DATEVALUE(A78)),"VALID","INVALID") -> VALID
A79: 2024-01-24 | B79: DT03 | C79: 7.97 | D79: 7.52 | E79: 23 | F79: 54.97 | G79: =IF(ISNUMBER(DATEVALUE(A79)),"VALID","INVALID") -> VALID
A80: 2024-01-24 | B80: DT03 | C80: 7.97 | D80: 7.52 | E80: 23 | F80: 54.97 | G80: =IF(ISNUMBER(DATEVALUE(A80)),"VALID","INVALID") -> VALID
A81: 2024-01-25 | B81: DT03 | C81: 4.48 | D81: 10.12 | E81: 37 | F81: 94.68 | G81: =IF(ISNUMBER(DATEVALUE(A81)),"VALID","INVALID") -> VALID
A82: 2024-01-25 | B82: DT02 | C82: 4.89 | D82: 14.96 | E82: 41 | F82: 137.61 | G82: =IF(ISNUMBER(DATEVALUE(A82)),"VALID","INVALID") -> VALID
A83: 2024-01-25 | B83: DT02 | C83: 4.89 | D83: 14.96 | E83: 41 | F83: 137.61 | G83: =IF(ISNUMBER(DATEVALUE(A83)),"VALID","INVALID") -> VALID
A84: 2024-01-25 | B84: DT03 | C84: 4.48 | D84: 10.12 | E84: 37 | F84: 94.68 | G84: =IF(ISNUMBER(DATEVALUE(A84)),"VALID","INVALID") -> VALID
A85: 2024-01-25 | B85: DT03 | C85: 4.48 | D85: 10.12 | E85: 37 | F85: 94.68 | G85: =IF(ISNUMBER(DATEVALUE(A85)),"VALID","INVALID") -> VALID
A86: 2024-01-25 | C86: 7.65 | D86: 5.46 | E86: 45 | F86: 83.1 | G86: =IF(ISNUMBER(DATEVALUE(A86)),"VALID","INVALID") -> VALID
A87: 2024-01-25 | B87: DT02 | C87: 5.66 | D87: 5.06 | E87: 26 | F87: 66.46 | G87: =IF(ISNUMBER(DATEVALUE(A87)),"VALID","INVALID") -> VALID
A88: 2024-01-27 | B88: DT01 | C88: 6.41 | D88: 6.49 | E88: 31 | F88: 61.35 | G88: =IF(ISNUMBER(DATEVALUE(A88)),"VALID","INVALID") -> VALID
A89: 2024-01-27 | B89: DT01 | C89: 6.41 | D89: 6.49 | E89: 31 | F89: 61.35 | G89: =IF(ISNUMBER(DATEVALUE(A89)),"VALID","INVALID") -> VALID
A90: 2024-01-28 | B90: DT05 | C90: 6.9 | D90: 14.54 | E90: 34 | F90: 80.61 | G90: =IF(ISNUMBER(DATEVALUE(A90)),"VALID","INVALID") -> VALID
A91: 2024-01-28 | B91: DT01 | C91: 7.45 | D91: 13.52 | E91: 15 | F91: 27.7 | G91: =IF(ISNUMBER(DATEVALUE(A91)),"VALID","INVALID") -> VALID
A92: 2024-01-28 | B92: DT05 | C92: 6.9 | D92: 14.54 | E92: 34 | F92: 80.61 | G92: =IF(ISNUMBER(DATEVALUE(A92)),"VALID","INVALID") -> VALID
A93: 2024-01-28 | B93: DT01 | C93: 7.45 | D93: 13.52 | E93: 15 | F93: 27.7 | G93: =IF(ISNUMBER(DATEVALUE(A93)),"VALID","INVALID") -> VALID
A94: 2024-01-28 | B94: DT01 | C94: 7.45 | D94: 13.52 | E94: 15 | F94: 27.7 | G94: =IF(ISNUMBER(DATEVALUE(A94)),"VALID","INVALID") -> VALID
A95: 2024-01-28 | B95: DT01 | C95: 7.45 | D95: 13.52 | E95: 15 | F95: 27.7 | G95: =IF(ISNUMBER(DATEVALUE(A95)),"VALID","INVALID") -> VALID
A96: 2024-01-30 | B96: DT04 | C96: 7.57 | D96: 7.78 | E96: 41 | F96: 123.39 | G96: =IF(ISNUMBER(DATEVALUE(A96)),"VALID","INVALID") -> VALID
A97: 2024-01-30 | B97: DT04 | C97: 7.57 | D97: 7.78 | E97: 41 | F97: 123.39 | G97: =IF(ISNUMBER(DATEVALUE(A97)),"VALID","INVALID") -> VALID
A98: 2024-01-31 | B98: DT01 | C98: 3.5 | D98: 6.05 | E98: 38 | F98: 113.4 | G98: =IF(ISNUMBER(DATEVALUE(A98)),"VALID","INVALID") -> VALID
... A133: 2024-02-08 | B133: DT02 | C133: 6.06 | D133: 10.41 | E133: 27 | F133: 89.6 | G133: =IF(ISNUMBER(DATEVALUE(A133)),"VALID","INVALID") -> VALID
A134: 2024-02-08 | C134: 5.97 | D134: 14.03 | E134: 32 | F134: 108.8 | G134: =IF(ISNUMBER(DATEVALUE(A134)),"VALID","INVALID") -> VALID
A135: 2024-02-08 | B135: DT02 | C135: 6.06 | D135: 10.41 | E135: 27 | F135: 89.6 | G135: =IF(ISNUMBER(DATEVALUE(A135)),"VALID","INVALID") -> VALID
A136: 2024-02-10 | B136: DT05 | C136: 4.53 | D136: 10.25 | E136: 39 | F136: 124.11 | G136: =IF(ISNUMBER(DATEVALUE(A136)),"VALID","INVALID") -> VALID
A137: 2024-02-10 | B137: DT05 | C137: 4.53 | D137: 10.25 | E137: 39 | F137: 124.11 | G137: =IF(ISNUMBER(DATEVALUE(A137)),"VALID","INVALID") -> VALID
A138: 2024-02-10 | B138: DT02 | C138: 5.64 | D138: 10.12 | E138: 31 | F138: 90.96 | G138: =IF(ISNUMBER(DATEVALUE(A138)),"VALID","INVALID") -> VALID
A139: 2024-02-10 | B139: DT02 | C139: 3.4 | D139: 11.72 | E139: 18 | F139: 51.94 | G139: =IF(ISNUMBER(DATEVALUE(A139)),"VALID","INVALID") -> VALID
A140: 2024-02-10 | B140: DT02 | C140: 3.4 | D140: 11.72 | E140: 18 | F140: 51.94 | G140: =IF(ISNUMBER(DATEVALUE(A140)),"VALID","INVALID") -> VALID
A141: 2024-02-10 | B141: DT05 | C141: 4.53 | D141: 10.25 | E141: 39 | F141: 124.11 | G141: =IF(ISNUMBER(DATEVALUE(A141)),"VALID","INVALID") -> VALID
A142: 2024-02-10 | B142: DT02 | C142: 6.03 | D142: 10.55 | E142: 22 | F142: 69.44 | G142: =IF(ISNUMBER(DATEVALUE(A142)),"VALID","INVALID") -> VALID
A143: 2024-02-11 | B143: DT05 | C143: 6.53 | D143: 9.24 | E143: 13 | F143: 28.78 | G143: =IF(ISNUMBER(DATEVALUE(A143)),"VALID","INVALID") -> VALID
A144: 2024-02-11 | B144: DT05 | C144: 6.53 | D144: 9.24 | E144: 13 | F144: 28.78 | G144: =IF(ISNUMBER(DATEVALUE(A144)),"VALID","INVALID") -> VALID
A145: 2024-02-11 | B145: DT02 | C145: 7.47 | D145: 9.8 | E145: 13 | F145: 28.51 | G145: =IF(ISNUMBER(DATEVALUE(A145)),"VALID","INVALID") -> VALID
A146: 2024-02-11 | B146: DT02 | C146: 7.47 | D146: 9.8 | E146: 13 | F146: 28.51 | G146: =IF(ISNUMBER(DATEVALUE(A146)),"VALID","INVALID") -> VALID
... A182: 2024-02-20 | B182: DT05 | C182: 2.54 | D182: 9.13 | E182: 41 | F182: 109.91 | G182: =IF(ISNUMBER(DATEVALUE(A182)),"VALID","INVALID") -> VALID
A183: 2024-02-21 | B183: DT03 | C183: 2.8 | D183: 9.44 | E183: 42 | G183: =IF(ISNUMBER(DATEVALUE(A183)),"VALID","INVALID") -> VALID
A184: 2024-02-21 | B184: DT03 | C184: 2.8 | D184: 9.44 | E184: 42 | F184: 84.3 | G184: =IF(ISNUMBER(DATEVALUE(A184)),"VALID","INVALID") -> VALID
A185: 2024-02-22 | B185: DT01 | C185: 3.56 | D185: 6.47 | E185: 40 | F185: 105.07 | G185: =IF(ISNUMBER(DATEVALUE(A185)),"VALID","INVALID") -> VALID
A186: 2024-02-22 | B186: DT01 | C186: 5.96 | D186: 9.15 | E186: 15 | F186: 31.66 | G186: =IF(ISNUMBER(DATEVALUE(A186)),"VALID","INVALID") -> VALID
A187: 2024-02-22 | B187: DT01 | C187: 5.96 | D187: 9.15 | E187: 15 | F187: 31.66 | G187: =IF(ISNUMBER(DATEVALUE(A187)),"VALID","INVALID") -> VALID
A188: 2024-02-22 | B188: DT01 | C188: 3.56 | D188: 6.47 | E188: 40 | F188: 105.07 | G188: =IF(ISNUMBER(DATEVALUE(A188)),"VALID","INVALID") -> VALID
A189: 2024-02-22 | B189: DT01 | C189: 5.96 | D189: 9.15 | E189: 15 | F189: 31.66 | G189: =IF(ISNUMBER(DATEVALUE(A189)),"VALID","INVALID") -> VALID
A190: 2024-02-22 | B190: DT01 | C190: 5.96 | D190: 9.15 | E190: 15 | F190: 31.66 | G190: =IF(ISNUMBER(DATEVALUE(A190)),"VALID","INVALID") -> VALID
A191: 2024-02-23 | B191: DT03 | C191: 5.3 | D191: 5.18 | E191: 44 | F191: 85.81 | G191: =IF(ISNUMBER(DATEVALUE(A191)),"VALID","INVALID") -> VALID
A192: 2024-02-24 | B192: DT02 | C192: 2.24 | D192: 10.74 | E192: 26 | F192: 84.26 | G192: =IF(ISNUMBER(DATEVALUE(A192)),"VALID","INVALID") -> VALID
A193: 2024-02-24 | B193: DT02 | C193: 2.24 | D193: 10.74 | E193: 26 | F193: 84.26 | G193: =IF(ISNUMBER(DATEVALUE(A193)),"VALID","INVALID") -> VALID
A194: 2024-02-25 | B194: DT05 | C194: 5.15 | D194: 5.82 | E194: 21 | F194: 38.02 | G194: =IF(ISNUMBER(DATEVALUE(A194)),"VALID","INVALID") -> VALID
A195: 2024-02-26 | B195: DT03 | C195: 6.4 | D195: 13.32 | E195: 43 | F195: 126.14 | G195: =IF(ISNUMBER(DATEVALUE(A195)),"VALID","INVALID") -> VALID
... A204: 2024-02-28 | B204: DT02 | C204: 5.89 | D204: 9.36 | E204: 43 | F204: 84.29 | G204: =IF(ISNUMBER(DATEVALUE(A204)),"VALID","INVALID") -> VALID
A205: 2024-02-28 | B205: DT02 | C205: 3.43 | D205: 12.24 | E205: 22 | G205: =IF(ISNUMBER(DATEVALUE(A205)),"VALID","INVALID") -> VALID
...

Sheet Fleet Master
A1: Unit | B1: Type | C1: Capacity | D1: Fuel_Rate_L_per_Hour
A2: EX1100 | B2: Excavator | C2: 7 | D2: 45
A3: EX1200 | B3: Excavator | C3: 8 | D3: 48
A4: EX2500 | B4: Excavator | C4: 15 | D4: 75
A5: DT01 | B5: Dump Truck | C5: 35 | D5: 22
A6: DT02 | B6: Dump Truck | C6: 35 | D6: 22
A7: DT03 | B7: Dump Truck | C7: 40 | D7: 25
A8: DT04 | B8: Dump Truck | C8: 40 | D8: 25
A9: DT05 | B9: Dump Truck | C9: 45 | D9: 30

Sheet Technical Test
A1: TECHNICAL TEST DATA ANALYST
A3: A. Data Handling
A4: 1. | B4: Identifikasi dan perbaiki format tanggal (misal: 2024/13/40). Normalisasi seluruh tanggal menjadi format YYYY-MM-DD.
B5: a. | C5: Identifikasi dengan cara menambah kolom "Deteksi_Tanggal" pada sheet "Produksi" untuk mengidentifikasi tanggal "Valid" atau "Invalid". Tanggal invalid ditandai dengan warna kuning.
B6: b. | C6: Membuat sheet baru "Produksi_Filled" sebagai sheet untuk proses cleaning data "Produksi". Kolom "Tanggal" diubah format menjadi date.
B7: c. | C7: Menambahkan kolom "Normalisasi_Tanggal" untuk memperbaiki tanggal tidak valid dengan mencocokkan pola data yang identik dari tanggal yang valid.
B8: d. | C8: Jika tidak ditemukan tanggal valid, maka digunakan pendekatan berdasarkan kombinasi Pit, Seam, Excavator, dan Shift yang sama. Apabila terdapat beberapa tanggal valid, maka digunakan nilai median sebagai representasi tanggal pengganti, karena kombinasi tersebut biasanya mencerminkan aktivitas dalam satu area kerja yang berkesinambungan. Dilakukan increase short pada kolom "Normalisasi_Tanggal".
B9: e. | C9: Poin a-c juga dilakukan pada data Hauling, namun untuk poin d menggunakan median berdasarkan pendekatan kombinasi jenis Dump_Truck.
A11: 2. | B11: Temukan dan tangani missing values pada seluruh kolom Produksi dan Hauling, jelaskan metode penanganan yang digunakan.
B12: a. | C12: Pada data "Produksi_Filled", untuk missing value kolom "Tanggal" menggunakan nilai yang identik dengan pola tersebut. Missing value pada kolom Pit, Seam, dan Excavator juga menggunakan nilai yang identik dengan pola tersebut. Sedangkan untuk missing value pada kolom OB_Volume, Coal_Volume, dan Delay Hour menggunakan pendekatan nilai identik dan median.
B13: b. | C13: Pada data "Hauling_Filled", untuk missing volue kolom "Dump_Truck" menggunakan pendekatan modus pada tanggal terkait. Missing value pada kolom "Distance_km" menggunakan pendekatan Median berdasarkan kelompok "Dump_Truck". Missing value pada kolom "Cycle_Time_min" dan "Fuel_Usage_L" menggunakan pendekatan berdasarkan kmbinasi kolom lain yang identik dengan data lainnya.
A15: 3. | B15: Validasi dan koreksi nilai Shift yang salah menjadi kategori yang benar (Day/Night).
B16: a. | C16: Pendekatan ini mengandalkan konsistensi pola data historis untuk mengoreksi nilai yang ambigu.
B17: b. | C17: Jika tidak ditemukan baris yang cocok, maka nilai default "Night" digunakan sebagai asumsi konservatif.
A19: 4. | B19: Deteksi dan tangani data duplikat pada kedua sheet, jelaskan kriteria duplikasi yang digunakan.
B20: a. | C20: Hasil penaganan duplikat data "Produksi" terdapat pada sheet "Produksi_Unik", sedangkan untuk data "Hauling" terdapat pada "Hauling_Unik.
B21: b. | C21: Data duplikasi merupakan data yang memiliki karakteristik atau nilai yang sama untuk masing-masing kolom dalam tanggal yang sama.
B22: c. | C22: Data duplikasi ditangani dengan cara di-drop karena bisa menyebabkan bias.
A24: 5. | B24: Pastikan seluruh kolom numerik berada dalam format angka, perbaiki baris yang berubah menjadi teks.
B25: a. | C25: Kolom numerik diganti format datanya menjadi number.
A27: 6. | B27: Identifikasi konsistensi Working_Hours, Delay_Hours, dan Productive_Hours.
B28: a. | C28: Ketiga variabel sudah konsisten, karena "Delay_Hours" diperoleh dari rumus "Working_Hours - Productivity Hours" dan identifikasinya seperti pada kolo "Delay_Cek".
A31: B. Excel Formula
A32: 1. | B32: Hitung Produktivitas Excavator = Coal Volume / Working Hours.
B33: a. | C33: Hasil perhitungan Productivitas Excavator terdapat pada sheet "Produksi_Unik" kolom "Productivitas_Excavator".
A35: 2. | B35: Hitung Fuel Ratio = Fuel Usage / Ritase.
B36: a. | C36: Hasil perhitungan Fuel Ratio terdapat pada sheet "Hauling_Unik" kolom "Fuel_Ratio".
A38: 3. | B38: Tandai Cycle Time Abnormal (>10 menit).
B39: a. | C39: Hasil identifikasi Cycle Time terdapay pada sheet "Hauling_Unik" kolom "Cycle_Time_Cat"
B40: b. | C40: Dari 149 data unik (non duplicate), terdapat 71 data yang termasuk kategori abnormal.
B41: c. | C41: Cycle Time yang lebih lama berarti dalam satu siklus angkut membutuhkan waktu lebih banyak, sehingga jumlah ritase per shigt/hari akan turun.
B42: d. | C42: Jika Fuel Ratio naik saat Cycle Time abnormal, maka konsumsi bahan bakar per ritasi lebih boros.
A44: 4. | B44: Hitung Estimated Fuel = Fuel Rate * Working Hours. (Gunakan XLOOKUP untuk menarik Fuel Rate dari data Fleet Master)
B45: a. | C45: Hasil perhitungan Estimated Fuel terdapat pada sheet "Produksi_Unik" kolom "Estimated_Fuel ".
A47: 5. | B47: Validasi nilai Working Hours = Productive Hours + Delay Hours.
B48: a. | C48: Hasil validasi Working Hours keseluruhannya valid, seperti pada sheet "Produksi_Unik" kolom "Working_Hours_Cek ".
A50: 6. | B50: Identifikasi nilai dari rumus Rasio Stripping = OB_Volume/Coal_Volume, serta hitung rata-rata nya.
B51: Contoh: jika mendapat hasil maka 2.5 BCM (OB) perlu dipindahkan untuk mendapat 1 Ton Batu Bara.
B52: a. | C52: Setelah dihitung menggunakan rumus tersebut dan di rata-rata, bahwa nilai Rasio Stripping sebesar 4.19 maka OB perlu dipindahkan untuk mendapat 1 ton batu bara.
C53: =AVERAGE(Produksi_Unik!Q2:Q150) -> 4.1911055 | D53: =IF(AVERAGE(Produksi_Unik!Q2:Q150)>2.5,"Perlu dipindahkan","Tidak perlu dipindahkan") -> Perlu dipindahkan
A55: C. Pivot Table
A56: 1. | B56: Total OB & Coal masing-masing Pit. | E56: Normalisasi_Tanggal | F56: (All)
B57: a. | C57: Aktivitas tambang paling bedar terletak pada Pit A karena memiliki volume overburden dan batubara tertinggi. | E57: Validasi_Shift | F57: (All)
B58: b. | C58: Apabila dilihat berdasarkan Pit, stripping ratio tertinggi terletak pada Pit B sebesar 1.53. Meskipun masih di bawah ambang batas 2.5, Pit B menunjukkan beban pengupasan relatif tinggi dibanding Pit A dan C.
B59: c. | C59: Average stripping ratio per baris data lebih besar dibandingkan ketika per Pit karena tidak mempertimbangkan bobot volume. Baris-baris dengan coal volume kecil dan rasio besar memberi pengaruh besar pada rata-rata, meskipun kontribusi volumenya kecil. | E59: Row Labels | F59: Sum of OB_Volume | G59: Sum of Coal_Volume | H59: Stripping Ratio
E60: Pit A | F60: 250054 | G60: 190758 | H60: =F60/G60 -> 1.3108441
E61: Pit B | F61: 229842 | G61: 150277 | H61: =F61/G61 -> 1.5294556
E62: Pit C | F62: 193336 | G62: 163944 | H62: =F62/G62 -> 1.1792807
E63: Grand Total | F63: 673232 | G63: 504979 | H63: =F63/G63 -> 1.3331881
A66: 2. | B66: Ritase dari unit Dump Truck. | E66: Normalisasi_Tanggal | F66: (All)
B67: a. | C67: DT02 paling aktif dengan 43 ritase, kemungkinan beban kerja tertinggi.
E68: Row Labels | F68: Count of Ritase
E69: DT01 | F69: 27
E70: DT02 | F70: 43
E71: DT03 | F71: 24
E72: DT04 | F72: 29
E73: DT05 | F73: 26
E74: Grand Total | F74: 149
A77: 3. | B77: Fuel Usage dari unit Dump Truck. | E77: Normalisasi_Tanggal | F77: (All)
B78: a. | C78: DT02 mengonsumsi bahan bakar paling tinggi, selaras dengan ritase tertinggi.
E79: Row Labels | F79: Sum of Fuel_Usage_L
E80: DT01 | F80: 1719.54
E81: DT02 | F81: 3250.63
E82: DT03 | F82: 1805.46
E83: DT04 | F83: 2307.93
E84: DT05 | F84: 1851.3
E85: Grand Total | F85: 10934.86
A88: 4. | B88: Rata-rata Cycle Time dari unit Dump Truck. | E88: Normalisasi_Tanggal | F88: (All)
B89: a. | C89: DT05 memiliki rata-rata cycle time tertinggi (10.18 menit), perlu dievaluasi karena cycle time tinggi meski ritase tidak terlalu banyak.
B90: b. | C90: Perbedaan signifikan antara cycle time normal vs abnormal bisa jadi indikator masalah operasional. | E90: Average of Cycle_Time_min | F90: Column Labels
E91: Row Labels | F91: Abnormal | G91: Normal | H91: Grand Total
E92: DT01 | F92: 12.7275 | G92: 7.012 | H92: 9.5522222
E93: DT02 | F93: 12.268636 | G93: 7.4014286 | H93: 9.8916279
E94: DT03 | F94: 12.375455 | G94: 8.1738462 | H94: 10.099583
E95: DT04 | F95: 12.436154 | G95: 7.513125 | H95: 9.72
E96: DT05 | F96: 13.263077 | G96: 7.0953846 | H96: 10.179231
E97: Grand Total | F97: 12.575493 | G97: 7.4271795 | H97: 9.8804027
A100: D. Dashboard
A101: Jupyter Notebook
A104: E. Analytical Insight
A105: Dashboard ini memberikan gambaran menyeluruh terhadap performa operasional tambang. Produksi batubara menunjukkan fluktuasi harian yang cukup tinggi, dengan beberapa puncak signifikan yang dapat menjadi fokus analisis lebih lanjut. Aktivitas OB removal relatif stabil, namun tetap menunjukkan variasi yang bisa dikaitkan dengan kondisi operasional di lapangan. Dari sisi efisiensi, beberapa unit dump truck memiliki rasio bahan bakar yang jauh lebih baik dibanding lainnya, menunjukkan potensi benchmark untuk unit lain. Leaderboard memperlihatkan lima unit dengan kontribusi produksi tertinggi, yang dapat menjadi acuan dalam evaluasi kinerja alat berat. Visualisasi mingguan dan bulanan membantu mengidentifikasi tren jangka menengah, serta mendukung pengambilan keputusan berbasis data. Secara keseluruhan, dashboard ini efektif untuk memantau performa dan mengidentifikasi peluang peningkatan efisiensi operasional.

Sheet Produksi_Filled
A1: Tanggal | B1: Pit | C1: Seam | D1: Excavator | E1: Shift | F1: OB_Volume | G1: Coal_Volume | H1: Working_Hours | I1: Delay_Hours | J1: Productive_Hours | K1: Normalisasi_Tanggal | L1: Validasi_Shift
A2: 2024-01-01 | B2: Pit C | C2: Seam 1 | D2: EX1100 | E2: Evening | F2: 713 | G2: 6438 | H2: 9.92 | I2: 1.86 | J2: 8.06 | K2: {=IF( ISNUMBER(DATEVALUE(A2)), TEXT(DATEVALUE(A2),"yyyy-mm-dd"), IFERROR( TEXT(INDEX($A$2:$A$301,MATCH(1, ($B$2:$B$301=B2) * ($C$2:$C$301=C2) * ($D$2:$D$301=D2) * ($E$2:$E$301=E2) * ($F$2:$F$301=F2) * ($G$2:$G$301=G2) * ($H$2:$H$301=H2) * ($I$2:$I$301=I2) * ($J$2:$J$301=J2),0)),"yyyy-mm-dd"), "Perlu Klarifikasi" ) )} -> 2024-01-01 | L2: {=IF( E2<>"Evening", E2, IFERROR( INDEX($E$2:$E$301, SMALL( IF( ($B$2:$B$301=B2) * ($C$2:$C$301=C2) * ($D$2:$D$301=D2) * ($F$2:$F$301=F2) * ($G$2:$G$301=G2) * ($H$2:$H$301=H2) * ($I$2:$I$301=I2) * ($J$2:$J$301=J2) * ($K$2:$K$301=K2) * ($E$2:$E$301<>"Evening"), ROW($E$2:$E$301)-ROW($E$2)+1, "" ), 1)), "Night" ) )} -> Night
A3: 2024-01-01 | B3: Pit C | C3: Seam 1 | D3: EX1100 | E3: Night | F3: 713 | G3: 6438 | H3: 9.92 | I3: 1.86 | J3: 8.06 | K3: {=IF( ISNUMBER(DATEVALUE(A3)), TEXT(DATEVALUE(A3),"yyyy-mm-dd"), IFERROR( TEXT(INDEX($A$2:$A$301,MATCH(1, ($B$2:$B$301=B3) * ($C$2:$C$301=C3) * ($D$2:$D$301=D3) * ($E$2:$E$301=E3) * ($F$2:$F$301=F3) * ($G$2:$G$301=G3) * ($H$2:$H$301=H3) * ($I$2:$I$301=I3) * ($J$2:$J$301=J3),0)),"yyyy-mm-dd"), "Perlu Klarifikasi" ) )} -> 2024-01-01 | L3: {=IF( E3<>"Evening", E3, IFERROR( INDEX($E$2:$E$301, SMALL( IF( ($B$2:$B$301=B3) * ($C$2:$C$301=C3) * ($D$2:$D$301=D3) * ($F$2:$F$301=F3) * ($G$2:$G$301=G3) * ($H$2:$H$301=H3) * ($I$2:$I$301=I3) * ($J$2:$J$301=J3) * ($K$2:$K$301=K3) * ($E$2:$E$301<>"Evening"), ROW($E$2:$E$301)-ROW($E$2)+1, "" ), 1)), "Night" ) )} -> Night
A4: 2024-01-01 | B4: Pit C | C4: Seam 2 | D4: EX1100 | E4: Night | F4: 1366 | G4: 1078 | H4: 4.44 | I4: 0.72 | J4: 3.72 | K4: {=IF( ISNUMBER(DATEVALUE(A4)), TEXT(DATEVALUE(A4),"yyyy-mm-dd"), IFERROR( TEXT(INDEX($A$2:$A$301,MATCH(1, ($B$2:$B$301=B4) * ($C$2:$C$301=C4) * ($D$2:$D$301=D4) * ($E$2:$E$301=E4) * ($F$2:$F$301=F4) * ($G$2:$G$301=G4) * ($H$2:$H$301=H4) * ($I$2:$I$301=I4) * ($J$2:$J$301=J4),0)),"yyyy-mm-dd"), "Perlu Klarifikasi" ) )} -> 2024-01-01 | L4: {=IF( E4<>"Evening", E4, IFERROR( INDEX($E$2:$E$301, SMALL( IF( ($B$2:$B$301=B4) * ($C$2:$C$301=C4) * ($D$2:$D$301=D4) * ($F$2:$F$301=F4) * ($G$2:$G$301=G4) * ($H$2:$H$301=H4) * ($I$2:$I$301=I4) * ($J$2:$J$301=J4) * ($K$2:$K$301=K4) * ($E$2:$E$301<>"Evening"), ROW($E$2:$E$301)-ROW($E$2)+1, "" ), 1)), "Night" ) )} -> Night
A5: 2024-01-01 | B5: Pit C | C5: Seam 1 | D5: EX1100 | E5: Evening | F5: =F2 -> 713 | G5: 6438 | H5: 9.92 | I5: 1.86 | J5: 8.06 | K5: {=IF( ISNUMBER(DATEVALUE(A5)), TEXT(DATEVALUE(A5),"yyyy-mm-dd"), IFERROR( TEXT(INDEX($A$2:$A$301,MATCH(1, ($B$2:$B$301=B5) * ($C$2:$C$301=C5) * ($D$2:$D$301=D5) * ($E$2:$E$301=E5) * ($F$2:$F$301=F5) * ($G$2:$G$301=G5) * ($H$2:$H$301=H5) * ($I$2:$I$301=I5) * ($J$2:$J$301=J5),0)),"yyyy-mm-dd"), "Perlu Klarifikasi" ) )} -> 2024-01-01 | L5: {=IF( E5<>"Evening", E5, IFERROR( INDEX($E$2:$E$301, SMALL( IF( ($B$2:$B$301=B5) * ($C$2:$C$301=C5) * ($D$2:$D$301=D5) * ($F$2:$F$301=F5) * ($G$2:$G$301=G5) * ($H$2:$H$301=H5) * ($I$2:$I$301=I5) * ($J$2:$J$301=J5) * ($K$2:$K$301=K5) * ($E$2:$E$301<>"Evening"), ROW($E$2:$E$301)-ROW($E$2)+1, "" ), 1)), "Night" ) )} -> Night
A6: 2024-01-01 | B6: Pit C | C6: Seam 1 | D6: EX1100 | E6: Night | F6: 713 | G6: 6438 | H6: 9.92 | I6: 1.86 | J6: 8.06 | K6: {=IF( ISNUMBER(DATEVALUE(A6)), TEXT(DATEVALUE(A6),"yyyy-mm-dd"), IFERROR( TEXT(INDEX($A$2:$A$301,MATCH(1, ($B$2:$B$301=B6) * ($C$2:$C$301=C6) * ($D$2:$D$301=D6) * ($E$2:$E$301=E6) * ($F$2:$F$301=F6) * ($G$2:$G$301=G6) * ($H$2:$H$301=H6) * ($I$2:$I$301=I6) * ($J$2:$J$301=J6),0)),"yyyy-mm-dd"), "Perlu Klarifikasi" ) )} -> 2024-01-01 | L6: {=IF( E6<>"Evening", E6, IFERROR( INDEX($E$2:$E$301, SMALL( IF( ($B$2:$B$301=B6) * ($C$2:$C$301=C6) * ($D$2:$D$301=D6) * ($F$2:$F$301=F6) * ($G$2:$G$301=G6) * ($H$2:$H$301=H6) * ($I$2:$I$301=I6) * ($J$2:$J$301=J6) * ($K$2:$K$301=K6) * ($E$2:$E$301<>"Evening"), ROW($E$2:$E$301)-ROW($E$2)+1, "" ), 1)), "Night" ) )} -> Night
A7: 2024-01-01 | B7: Pit C | C7: Seam 2 | D7: EX1100 | E7: Night | F7: 1366 | G7: 1078 | H7: 4.44 | I7: 0.72 | J7: 3.72 | K7: {=IF( ISNUMBER(DATEVALUE(A7)), TEXT(DATEVALUE(A7),"yyyy-mm-dd"), IFERROR( TEXT(INDEX($A$2:$A$301,MATCH(1, ($B$2:$B$301=B7) * ($C$2:$C$301=C7) * ($D$2:$D$301=D7) * ($E$2:$E$301=E7) * ($F$2:$F$301=F7) * ($G$2:$G$301=G7) * ($H$2:$H$301=H7) * ($I$2:$I$301=I7) * ($J$2:$J$301=J7),0)),"yyyy-mm-dd"), "Perlu Klarifikasi" ) )} -> 2024-01-01 | L7: {=IF( E7<>"Evening", E7, IFERROR( INDEX($E$2:$E$301, SMALL( IF( ($B$2:$B$301=B7) * ($C$2:$C$301=C7) * ($D$2:$D$301=D7) * ($F$2:$F$301=F7) * ($G$2:$G$301=G7) * ($H$2:$H$301=H7) * ($I$2:$I$301=I7) * ($J$2:$J$301=J7) * ($K$2:$K$301=K7) * ($E$2:$E$301<>"Evening"), ROW($E$2:$E$301)-ROW($E$2)+1, "" ), 1)), "Night" ) )} -> Night
A8: 2024-01-01 | B8: Pit C | C8: Seam 1 | D8: EX1100 | E8: Night | F8: 713 | G8: 6438 | H8: 9.92 | I8: 1.86 | J8: 8.06 | K8: {=IF( ISNUMBER(DATEVALUE(A8)), TEXT(DATEVALUE(A8),"yyyy-mm-dd"), IFERROR( TEXT(INDEX($A$2:$A$301,MATCH(1, ($B$2:$B$301=B8) * ($C$2:$C$301=C8) * ($D$2:$D$301=D8) * ($E$2:$E$301=E8) * ($F$2:$F$301=F8) * ($G$2:$G$301=G8) * ($H$2:$H$301=H8) * ($I$2:$I$301=I8) * ($J$2:$J$301=J8),0)),"yyyy-mm-dd"), "Perlu Klarifikasi" ) )} -> 2024-01-01 | L8: {=IF( E8<>"Evening", E8, IFERROR( INDEX($E$2:$E$301, SMALL( IF( ($B$2:$B$301=B8) * ($C$2:$C$301=C8) * ($D$2:$D$301=D8) * ($F$2:$F$301=F8) * ($G$2:$G$301=G8) * ($H$2:$H$301=H8) * ($I$2:$I$301=I8) * ($J$2:$J$301=J8) * ($K$2:$K$301=K8) * ($E$2:$E$301<>"Evening"), ROW($E$2:$E$301)-ROW($E$2)+1, "" ), 1)), "Night" ) )} -> Night
A9: 2024-01-02 | B9: Pit A | C9: Seam 1 | D9: EX2500 | E9: Day | F9: 2612 | G9: 2675 | H9: 7.16 | I9: 1.5 | J9: 5.66 | K9: {=IF( ISNUMBER(DATEVALUE(A9)), TEXT(DATEVALUE(A9),"yyyy-mm-dd"), IFERROR( TEXT(INDEX($A$2:$A$301,MATCH(1, ($B$2:$B$301=B9) * ($C$2:$C$301=C9) * ($D$2:$D$301=D9) * ($E$2:$E$301=E9) * ($F$2:$F$301=F9) * ($G$2:$G$301=G9) * ($H$2:$H$301=H9) * ($I$2:$I$301=I9) * ($J$2:$J$301=J9),0)),"yyyy-mm-dd"), "Perlu Klarifikasi" ) )} -> 2024-01-02 | L9: {=IF( E9<>"Evening", E9, IFERROR( INDEX($E$2:$E$301, SMALL( IF( ($B$2:$B$301=B9) * ($C$2:$C$301=C9) * ($D$2:$D$301=D9) * ($F$2:$F$301=F9) * ($G$2:$G$301=G9) * ($H$2:$H$301=H9) * ($I$2:$I$301=I9) * ($J$2:$J$301=J9) * ($K$2:$K$301=K9) * ($E$2:$E$301<>"Evening"), ROW($E$2:$E$301)-ROW($E$2)+1, "" ), 1)), "Night" ) )} -> Day
A10: 2024-01-02 | B10: Pit A | C10: Seam 1 | D10: EX2500 | E10: Day | F10: 2612 | G10: 2675 | H10: 7.16 | I10: 1.5 | J10: 5.66 | K10: {=IF( ISNUMBER(DATEVALUE(A10)), TEXT(DATEVALUE(A10),"yyyy-mm-dd"), IFERROR( TEXT(INDEX($A$2:$A$301,MATCH(1, ($B$2:$B$301=B10) * ($C$2:$C$301=C10) * ($D$2:$D$301=D10) * ($E$2:$E$301=E10) * ($F$2:$F$301=F10) * ($G$2:$G$301=G10) * ($H$2:$H$301=H10) * ($I$2:$I$301=I10) * ($J$2:$J$301=J10),0)),"yyyy-mm-dd"), "Perlu Klarifikasi" ) )} -> 2024-01-02 | L10: {=IF( E10<>"Evening", E10, IFERROR( INDEX($E$2:$E$301, SMALL( IF( ($B$2:$B$301=B10) * ($C$2:$C$301=C10) * ($D$2:$D$301=D10) * ($F$2:$F$301=F10) * ($G$2:$G$301=G10) * ($H$2:$H$301=H10) * ($I$2:$I$301=I10) * ($J$2:$J$301=J10) * ($K$2:$K$301=K10) * ($E$2:$E$301<>"Evening"), ROW($E$2:$E$301)-ROW($E$2)+1, "" ), 1)), "Night" ) )} -> Day
A11: 2024-01-02 | B11: Pit B | C11: Seam 2 | D11: EX2500 | E11: Day | F11: 3737 | G11: 269 | H11: 9.95 | I11: 0.78 | J11: 9.17 | K11: {=IF( ISNUMBER(DATEVALUE(A11)), TEXT(DATEVALUE(A11),"yyyy-mm-dd"), IFERROR( TEXT(INDEX($A$2:$A$301,MATCH(1, ($B$2:$B$301=B11) * ($C$2:$C$301=C11) * ($D$2:$D$301=D11) * ($E$2:$E$301=E11) * ($F$2:$F$301=F11) * ($G$2:$G$301=G11) * ($H$2:$H$301=H11) * ($I$2:$I$301=I11) * ($J$2:$J$301=J11),0)),"yyyy-mm-dd"), "Perlu Klarifikasi" ) )} -> 2024-01-02 | L11: {=IF( E11<>"Evening", E11, IFERROR( INDEX($E$2:$E$301, SMALL( IF( ($B$2:$B$301=B11) * ($C$2:$C$301=C11) * ($D$2:$D$301=D11) * ($F$2:$F$301=F11) * ($G$2:$G$301=G11) * ($H$2:$H$301=H11) * ($I$2:$I$301=I11) * ($J$2:$J$301=J11) * ($K$2:$K$301=K11) * ($E$2:$E$301<>"Evening"), ROW($E$2:$E$301)-ROW($E$2)+1, "" ), 1)), "Night" ) )} -> Day
A12: 2024/13/40 | B12: Pit B | C12: Seam 2 | D12: EX2500 | E12: Day | F12: 3737 | G12: 269 | H12: 9.95 | I12: 0.78 | J12: 9.17 | K12: {=IF( ISNUMBER(DATEVALUE(A12)), TEXT(DATEVALUE(A12),"yyyy-mm-dd"), IFERROR( TEXT(INDEX($A$2:$A$301,MATCH(1, ($B$2:$B$301=B12) * ($C$2:$C$301=C12) * ($D$2:$D$301=D12) * ($E$2:$E$301=E12) * ($F$2:$F$301=F12) * ($G$2:$G$301=G12) * ($H$2:$H$301=H12) * ($I$2:$I$301=I12) * ($J$2:$J$301=J12),0)),"yyyy-mm-dd"), "Perlu Klarifikasi" ) )} -> 2024-01-02 | L12: {=IF( E12<>"Evening", E12, IFERROR( INDEX($E$2:$E$301, SMALL( IF( ($B$2:$B$301=B12) * ($C$2:$C$301=C12) * ($D$2:$D$301=D12) * ($F$2:$F$301=F12) * ($G$2:$G$301=G12) * ($H$2:$H$301=H12) * ($I$2:$I$301=I12) * ($J$2:$J$301=J12) * ($K$2:$K$301=K12) * ($E$2:$E$301<>"Evening"), ROW($E$2:$E$301)-ROW($E$2)+1, "" ), 1)), "Night" ) )} -> Day
A13: 2024-01-02 | B13: Pit C | C13: Seam 2 | D13: EX2500 | E13: Day | F13: 7669 | G13: 4949 | H13: 7.54 | I13: 0.96 | J13: 6.58 | K13: {=IF( ISNUMBER(DATEVALUE(A13)), TEXT(DATEVALUE(A13),"yyyy-mm-dd"), IFERROR( TEXT(INDEX($A$2:$A$301,MATCH(1, ($B$2:$B$301=B13) * ($C$2:$C$301=C13) * ($D$2:$D$301=D13) * ($E$2:$E$301=E13) * ($F$2:$F$301=F13) * ($G$2:$G$301=G13) * ($H$2:$H$301=H13) * ($I$2:$I$301=I13) * ($J$2:$J$301=J13),0)),"yyyy-mm-dd"), "Perlu Klarifikasi" ) )} -> 2024-01-02 | L13: {=IF( E13<>"Evening", E13, IFERROR( INDEX($E$2:$E$301, SMALL( IF( ($B$2:$B$301=B13) * ($C$2:$C$301=C13) * ($D$2:$D$301=D13) * ($F$2:$F$301=F13) * ($G$2:$G$301=G13) * ($H$2:$H$301=H13) * ($I$2:$I$301=I13) * ($J$2:$J$301=J13) * ($K$2:$K$301=K13) * ($E$2:$E$301<>"Evening"), ROW($E$2:$E$301)-ROW($E$2)+1, "" ), 1)), "Night" ) )} -> Day
A14: 2024-01-02 | B14: Pit B | C14: Seam 2 | D14: EX2500 | E14: Evening | F14: 3737 | G14: 269 | H14: 9.95 | I14: 0.78 | J14: 9.17 | K14: {=IF( ISNUMBER(DATEVALUE(A14)), TEXT(DATEVALUE(A14),"yyyy-mm-dd"), IFERROR( TEXT(INDEX($A$2:$A$301,MATCH(1, ($B$2:$B$301=B14) * ($C$2:$C$301=C14) * ($D$2:$D$301=D14) * ($E$2:$E$301=E14) * ($F$2:$F$301=F14) * ($G$2:$G$301=G14) * ($H$2:$H$301=H14) * ($I$2:$I$301=I14) * ($J$2:$J$301=J14),0)),"yyyy-mm-dd"), "Perlu Klarifikasi" ) )} -> 2024-01-02 | L14: {=IF( E14<>"Evening", E14, IFERROR( INDEX($E$2:$E$301, SMALL( IF( ($B$2:$B$301=B14) * ($C$2:$C$301=C14) * ($D$2:$D$301=D14) * ($F$2:$F$301=F14) * ($G$2:$G$301=G14) * ($H$2:$H$301=H14) * ($I$2:$I$301=I14) * ($J$2:$J$301=J14) * ($K$2:$K$301=K14) * ($E$2:$E$301<>"Evening"), ROW($E$2:$E$301)-ROW($E$2)+1, "" ), 1)), "Night" ) )} -> Day
A15: 2024/13/40 | B15: Pit B | C15: Seam 2 | D15: EX2500 | E15: Day | F15: 3737 | G15: 269 | H15: 9.95 | I15: 0.78 | J15: 9.17 | K15: {=IF( ISNUMBER(DATEVALUE(A15)), TEXT(DATEVALUE(A15),"yyyy-mm-dd"), IFERROR( TEXT(INDEX($A$2:$A$301,MATCH(1, ($B$2:$B$301=B15) * ($C$2:$C$301=C15) * ($D$2:$D$301=D15) * ($E$2:$E$301=E15) * ($F$2:$F$301=F15) * ($G$2:$G$301=G15) * ($H$2:$H$301=H15) * ($I$2:$I$301=I15) * ($J$2:$J$301=J15),0)),"yyyy-mm-dd"), "Perlu Klarifikasi" ) )} -> 2024-01-02 | L15: {=IF( E15<>"Evening", E15, IFERROR( INDEX($E$2:$E$301, SMALL( IF( ($B$2:$B$301=B15) * ($C$2:$C$301=C15) * ($D$2:$D$301=D15) * ($F$2:$F$301=F15) * ($G$2:$G$301=G15) * ($H$2:$H$301=H15) * ($I$2:$I$301=I15) * ($J$2:$J$301=J15) * ($K$2:$K$301=K15) * ($E$2:$E$301<>"Evening"), ROW($E$2:$E$301)-ROW($E$2)+1, "" ), 1)), "Night" ) )} -> Day
A16: 2024-01-03 | B16: Pit A | C16: Seam 1 | D16: EX1200 | E16: Night | F16: 684 | G16: 1349 | H16: 5.43 | I16: 0.27 | J16: 5.16 | K16: {=IF( ISNUMBER(DATEVALUE(A16)), TEXT(DATEVALUE(A16),"yyyy-mm-dd"), IFERROR( TEXT(INDEX($A$2:$A$301,MATCH(1, ($B$2:$B$301=B16) * ($C$2:$C$301=C16) * ($D$2:$D$301=D16) * ($E$2:$E$301=E16) * ($F$2:$F$301=F16) * ($G$2:$G$301=G16) * ($H$2:$H$301=H16) * ($I$2:$I$301=I16) * ($J$2:$J$301=J16),0)),"yyyy-mm-dd"), "Perlu Klarifikasi" ) )} -> 2024-01-03 | L16: {=IF( E16<>"Evening", E16, IFERROR( INDEX($E$2:$E$301, SMALL( IF( ($B$2:$B$301=B16) * ($C$2:$C$301=C16) * ($D$2:$D$301=D16) * ($F$2:$F$301=F16) * ($G$2:$G$301=G16) * ($H$2:$H$301=H16) * ($I$2:$I$301=I16) * ($J$2:$J$301=J16) * ($K$2:$K$301=K16) * ($E$2:$E$301<>"Evening"), ROW($E$2:$E$301)-ROW($E$2)+1, "" ), 1)), "Night" ) )} -> Night
A17: 2024-01-03 | B17: Pit A | C17: Seam 2 | D17: EX1200 | E17: Day | F17: 8978 | G17: 3637 | H17: 4.71 | I17: 0.08 | J17: 4.63 | K17: {=IF( ISNUMBER(DATEVALUE(A17)), TEXT(DATEVALUE(A17),"yyyy-mm-dd"), IFERROR( TEXT(INDEX($A$2:$A$301,MATCH(1, ($B$2:$B$301=B17) * ($C$2:$C$301=C17) * ($D$2:$D$301=D17) * ($E$2:$E$301=E17) * ($F$2:$F$301=F17) * ($G$2:$G$301=G17) * ($H$2:$H$301=H17) * ($I$2:$I$301=I17) * ($J$2:$J$301=J17),0)),"yyyy-mm-dd"), "Perlu Klarifikasi" ) )} -> 2024-01-03 | L17: {=IF( E17<>"Evening", E17, IFERROR( INDEX($E$2:$E$301, SMALL( IF( ($B$2:$B$301=B17) * ($C$2:$C$301=C17) * ($D$2:$D$301=D17) * ($F$2:$F$301=F17) * ($G$2:$G$301=G17) * ($H$2:$H$301=H17) * ($I$2:$I$301=I17) * ($J$2:$J$301=J17) * ($K$2:$K$301=K17) * ($E$2:$E$301<>"Evening"), ROW($E$2:$E$301)-ROW($E$2)+1, "" ), 1)), "Night" ) )} -> Day
... A26: 2024-01-03 | B26: Pit A | C26: Seam 2 | D26: EX1200 | E26: Day | F26: 8978 | G26: 3637 | H26: 4.71 | I26: 0.08 | J26: 4.63 | K26: {=IF( ISNUMBER(DATEVALUE(A26)), TEXT(DATEVALUE(A26),"yyyy-mm-dd"), IFERROR( TEXT(INDEX($A$2:$A$301,MATCH(1, ($B$2:$B$301=B26) * ($C$2:$C$301=C26) * ($D$2:$D$301=D26) * ($E$2:$E$301=E26) * ($F$2:$F$301=F26) * ($G$2:$G$301=G26) * ($H$2:$H$301=H26) * ($I$2:$I$301=I26) * ($J$2:$J$301=J26),0)),"yyyy-mm-dd"), "Perlu Klarifikasi" ) )} -> 2024-01-03 | L26: {=IF( E26<>"Evening", E26, IFERROR( INDEX($E$2:$E$301, SMALL( IF( ($B$2:$B$301=B26) * ($C$2:$C$301=C26) * ($D$2:$D$301=D26) * ($F$2:$F$301=F26) * ($G$2:$G$301=G26) * ($H$2:$H$301=H26) * ($I$2:$I$301=I26) * ($J$2:$J$301=J26) * ($K$2:$K$301=K26) * ($E$2:$E$301<>"Evening"), ROW($E$2:$E$301)-ROW($E$2)+1, "" ), 1)), "Night" ) )} -> Day
A27: 2024-01-03 | B27: Pit A | C27: Seam 2 | D27: EX1200 | E27: Day | F27: 8978 | G27: =G26 -> 3637 | H27: 4.71 | I27: 0.08 | J27: 4.63 | K27: {=IF( ISNUMBER(DATEVALUE(A27)), TEXT(DATEVALUE(A27),"yyyy-mm-dd"), IFERROR( TEXT(INDEX($A$2:$A$301,MATCH(1, ($B$2:$B$301=B27) * ($C$2:$C$301=C27) * ($D$2:$D$301=D27) * ($E$2:$E$301=E27) * ($F$2:$F$301=F27) * ($G$2:$G$301=G27) * ($H$2:$H$301=H27) * ($I$2:$I$301=I27) * ($J$2:$J$301=J27),0)),"yyyy-mm-dd"), "Perlu Klarifikasi" ) )} -> 2024-01-03 | L27: {=IF( E27<>"Evening", E27, IFERROR( INDEX($E$2:$E$301, SMALL( IF( ($B$2:$B$301=B27) * ($C$2:$C$301=C27) * ($D$2:$D$301=D27) * ($F$2:$F$301=F27) * ($G$2:$G$301=G27) * ($H$2:$H$301=H27) * ($I$2:$I$301=I27) * ($J$2:$J$301=J27) * ($K$2:$K$301=K27) * ($E$2:$E$301<>"Evening"), ROW($E$2:$E$301)-ROW($E$2)+1, "" ), 1)), "Night" ) )} -> Day
A28: 2024-01-03 | B28: Pit A | C28: Seam 2 | D28: EX1200 | E28: Night | F28: 2604 | G28: 1318 | H28: 6.25 | I28: 1.14 | J28: 5.11 | K28: {=IF( ISNUMBER(DATEVALUE(A28)), TEXT(DATEVALUE(A28),"yyyy-mm-dd"), IFERROR( TEXT(INDEX($A$2:$A$301,MATCH(1, ($B$2:$B$301=B28) * ($C$2:$C$301=C28) * ($D$2:$D$301=D28) * ($E$2:$E$301=E28) * ($F$2:$F$301=F28) * ($G$2:$G$301=G28) * ($H$2:$H$301=H28) * ($I$2:$I$301=I28) * ($J$2:$J$301=J28),0)),"yyyy-mm-dd"), "Perlu Klarifikasi" ) )} -> 2024-01-03 | L28: {=IF( E28<>"Evening", E28, IFERROR( INDEX($E$2:$E$301, SMALL( IF( ($B$2:$B$301=B28) * ($C$2:$C$301=C28) * ($D$2:$D$301=D28) * ($F$2:$F$301=F28) * ($G$2:$G$301=G28) * ($H$2:$H$301=H28) * ($I$2:$I$301=I28) * ($J$2:$J$301=J28) * ($K$2:$K$301=K28) * ($E$2:$E$301<>"Evening"), ROW($E$2:$E$301)-ROW($E$2)+1, "" ), 1)), "Night" ) )} -> Night
A29: 2024-01-03 | B29: Pit B | C29: Seam 2 | D29: EX2500 | E29: Night | F29: 3710 | G29: 3388 | H29: 8.73 | I29: 1.18 | J29: 7.55 | K29: {=IF( ISNUMBER(DATEVALUE(A29)), TEXT(DATEVALUE(A29),"yyyy-mm-dd"), IFERROR( TEXT(INDEX($A$2:$A$301,MATCH(1, ($B$2:$B$301=B29) * ($C$2:$C$301=C29) * ($D$2:$D$301=D29) * ($E$2:$E$301=E29) * ($F$2:$F$301=F29) * ($G$2:$G$301=G29) * ($H$2:$H$301=H29) * ($I$2:$I$301=I29) * ($J$2:$J$301=J29),0)),"yyyy-mm-dd"), "Perlu Klarifikasi" ) )} -> 2024-01-03 | L29: {=IF( E29<>"Evening", E29, IFERROR( INDEX($E$2:$E$301, SMALL( IF( ($B$2:$B$301=B29) * ($C$2:$C$301=C29) * ($D$2:$D$301=D29) * ($F$2:$F$301=F29) * ($G$2:$G$301=G29) * ($H$2:$H$301=H29) * ($I$2:$I$301=I29) * ($J$2:$J$301=J29) * ($K$2:$K$301=K29) * ($E$2:$E$301<>"Evening"), ROW($E$2:$E$301)-ROW($E$2)+1, "" ), 1)), "Night" ) )} -> Night
A30: 2024-01-04 | B30: Pit C | C30: Seam 3 | D30: EX1200 | E30: Evening | F30: 5683 | G30: 5055 | H30: 4.59 | I30: 0.17 | J30: 4.42 | K30: {=IF( ISNUMBER(DATEVALUE(A30)), TEXT(DATEVALUE(A30),"yyyy-mm-dd"), IFERROR( TEXT(INDEX($A$2:$A$301,MATCH(1, ($B$2:$B$301=B30) * ($C$2:$C$301=C30) * ($D$2:$D$301=D30) * ($E$2:$E$301=E30) * ($F$2:$F$301=F30) * ($G$2:$G$301=G30) * ($H$2:$H$301=H30) * ($I$2:$I$301=I30) * ($J$2:$J$301=J30),0)),"yyyy-mm-dd"), "Perlu Klarifikasi" ) )} -> 2024-01-04 | L30: {=IF( E30<>"Evening", E30, IFERROR( INDEX($E$2:$E$301, SMALL( IF( ($B$2:$B$301=B30) * ($C$2:$C$301=C30) * ($D$2:$D$301=D30) * ($F$2:$F$301=F30) * ($G$2:$G$301=G30) * ($H$2:$H$301=H30) * ($I$2:$I$301=I30) * ($J$2:$J$301=J30) * ($K$2:$K$301=K30) * ($E$2:$E$301<>"Evening"), ROW($E$2:$E$301)-ROW($E$2)+1, "" ), 1)), "Night" ) )} -> Night
A31: 2024-01-05 | B31: Pit B | C31: Seam 1 | D31: EX2500 | E31: Night | F31: 4512 | G31: 1543 | H31: 5.16 | I31: 0.03 | J31: 5.13 | K31: {=IF( ISNUMBER(DATEVALUE(A31)), TEXT(DATEVALUE(A31),"yyyy-mm-dd"), IFERROR( TEXT(INDEX($A$2:$A$301,MATCH(1, ($B$2:$B$301=B31) * ($C$2:$C$301=C31) * ($D$2:$D$301=D31) * ($E$2:$E$301=E31) * ($F$2:$F$301=F31) * ($G$2:$G$301=G31) * ($H$2:$H$301=H31) * ($I$2:$I$301=I31) * ($J$2:$J$301=J31),0)),"yyyy-mm-dd"), "Perlu Klarifikasi" ) )} -> 2024-01-05 | L31: {=IF( E31<>"Evening", E31, IFERROR( INDEX($E$2:$E$301, SMALL( IF( ($B$2:$B$301=B31) * ($C$2:$C$301=C31) * ($D$2:$D$301=D31) * ($F$2:$F$301=F31) * ($G$2:$G$301=G31) * ($H$2:$H$301=H31) * ($I$2:$I$301=I31) * ($J$2:$J$301=J31) * ($K$2:$K$301=K31) * ($E$2:$E$301<>"Evening"), ROW($E$2:$E$301)-ROW($E$2)+1, "" ), 1)), "Night" ) )} -> Night
A32: 2024-01-07 | B32: Pit C | C32: Seam 2 | D32: EX1200 | E32: Day | F32: 8608 | G32: 1381 | H32: 5.24 | I32: 0.17 | J32: 5.07 | K32: {=IF( ISNUMBER(DATEVALUE(A32)), TEXT(DATEVALUE(A32),"yyyy-mm-dd"), IFERROR( TEXT(INDEX($A$2:$A$301,MATCH(1, ($B$2:$B$301=B32) * ($C$2:$C$301=C32) * ($D$2:$D$301=D32) * ($E$2:$E$301=E32) * ($F$2:$F$301=F32) * ($G$2:$G$301=G32) * ($H$2:$H$301=H32) * ($I$2:$I$301=I32) * ($J$2:$J$301=J32),0)),"yyyy-mm-dd"), "Perlu Klarifikasi" ) )} -> 2024-01-07 | L32: {=IF( E32<>"Evening", E32, IFERROR( INDEX($E$2:$E$301, SMALL( IF( ($B$2:$B$301=B32) * ($C$2:$C$301=C32) * ($D$2:$D$301=D32) * ($F$2:$F$301=F32) * ($G$2:$G$301=G32) * ($H$2:$H$301=H32) * ($I$2:$I$301=I32) * ($J$2:$J$301=J32) * ($K$2:$K$301=K32) * ($E$2:$E$301<>"Evening"), ROW($E$2:$E$301)-ROW($E$2)+1, "" ), 1)), "Night" ) )} -> Day
A33: 2024-01-07 | B33: Pit C | C33: Seam 2 | D33: EX1200 | E33: Day | F33: 8608 | G33: 1381 | H33: 5.24 | I33: 0.17 | J33: 5.07 | K33: {=IF( ISNUMBER(DATEVALUE(A33)), TEXT(DATEVALUE(A33),"yyyy-mm-dd"), IFERROR( TEXT(INDEX($A$2:$A$301,MATCH(1, ($B$2:$B$301=B33) * ($C$2:$C$301=C33) * ($D$2:$D$301=D33) * ($E$2:$E$301=E33) * ($F$2:$F$301=F33) * ($G$2:$G$301=G33) * ($H$2:$H$301=H33) * ($I$2:$I$301=I33) * ($J$2:$J$301=J33),0)),"yyyy-mm-dd"), "Perlu Klarifikasi" ) )} -> 2024-01-07 | L33: {=IF( E33<>"Evening", E33, IFERROR( INDEX($E$2:$E$301, SMALL( IF( ($B$2:$B$301=B33) * ($C$2:$C$301=C33) * ($D$2:$D$301=D33) * ($F$2:$F$301=F33) * ($G$2:$G$301=G33) * ($H$2:$H$301=H33) * ($I$2:$I$301=I33) * ($J$2:$J$301=J33) * ($K$2:$K$301=K33) * ($E$2:$E$301<>"Evening"), ROW($E$2:$E$301)-ROW($E$2)+1, "" ), 1)), "Night" ) )} -> Day
A34: 2024-01-07 | B34: Pit A | C34: Seam 1 | D34: EX1200 | E34: Night | F34: 2268 | G34: 5211 | H34: 9.78 | I34: 0.33 | J34: 9.45 | K34: {=IF( ISNUMBER(DATEVALUE(A34)), TEXT(DATEVALUE(A34),"yyyy-mm-dd"), IFERROR( TEXT(INDEX($A$2:$A$301,MATCH(1, ($B$2:$B$301=B34) * ($C$2:$C$301=C34) * ($D$2:$D$301=D34) * ($E$2:$E$301=E34) * ($F$2:$F$301=F34) * ($G$2:$G$301=G34) * ($H$2:$H$301=H34) * ($I$2:$I$301=I34) * ($J$2:$J$301=J34),0)),"yyyy-mm-dd"), "Perlu Klarifikasi" ) )} -> 2024-01-07 | L34: {=IF( E34<>"Evening", E34, IFERROR( INDEX($E$2:$E$301, SMALL( IF( ($B$2:$B$301=B34) * ($C$2:$C$301=C34) * ($D$2:$D$301=D34) * ($F$2:$F$301=F34) * ($G$2:$G$301=G34) * ($H$2:$H$301=H34) * ($I$2:$I$301=I34) * ($J$2:$J$301=J34) * ($K$2:$K$301=K34) * ($E$2:$E$301<>"Evening"), ROW($E$2:$E$301)-ROW($E$2)+1, "" ), 1)), "Night" ) )} -> Night
A35: 2024-01-09 | B35: Pit C | C35: Seam 3 | D35: EX1100 | E35: Day | F35: 3338 | G35: 3878 | H35: 9.27 | I35: 0.35 | J35: 8.92 | K35: {=IF( ISNUMBER(DATEVALUE(A35)), TEXT(DATEVALUE(A35),"yyyy-mm-dd"), IFERROR( TEXT(INDEX($A$2:$A$301,MATCH(1, ($B$2:$B$301=B35) * ($C$2:$C$301=C35) * ($D$2:$D$301=D35) * ($E$2:$E$301=E35) * ($F$2:$F$301=F35) * ($G$2:$G$301=G35) * ($H$2:$H$301=H35) * ($I$2:$I$301=I35) * ($J$2:$J$301=J35),0)),"yyyy-mm-dd"), "Perlu Klarifikasi" ) )} -> 2024-01-09 | L35: {=IF( E35<>"Evening", E35, IFERROR( INDEX($E$2:$E$301, SMALL( IF( ($B$2:$B$301=B35) * ($C$2:$C$301=C35) * ($D$2:$D$301=D35) * ($F$2:$F$301=F35) * ($G$2:$G$301=G35) * ($H$2:$H$301=H35) * ($I$2:$I$301=I35) * ($J$2:$J$301=J35) * ($K$2:$K$301=K35) * ($E$2:$E$301<>"Evening"), ROW($E$2:$E$301)-ROW($E$2)+1, "" ), 1)), "Night" ) )} -> Day
A36: 2024-01-09 | B36: Pit A | C36: Seam 3 | D36: EX1200 | E36: Night | F36: 938 | G36: 2671 | H36: 6.8 | I36: 0.97 | J36: 5.83 | K36: {=IF( ISNUMBER(DATEVALUE(A36)), TEXT(DATEVALUE(A36),"yyyy-mm-dd"), IFERROR( TEXT(INDEX($A$2:$A$301,MATCH(1, ($B$2:$B$301=B36) * ($C$2:$C$301=C36) * ($D$2:$D$301=D36) * ($E$2:$E$301=E36) * ($F$2:$F$301=F36) * ($G$2:$G$301=G36) * ($H$2:$H$301=H36) * ($I$2:$I$301=I36) * ($J$2:$J$301=J36),0)),"yyyy-mm-dd"), "Perlu Klarifikasi" ) )} -> 2024-01-09 | L36: {=IF( E36<>"Evening", E36, IFERROR( INDEX($E$2:$E$301, SMALL( IF( ($B$2:$B$301=B36) * ($C$2:$C$301=C36) * ($D$2:$D$301=D36) * ($F$2:$F$301=F36) * ($G$2:$G$301=G36) * ($H$2:$H$301=H36) * ($I$2:$I$301=I36) * ($J$2:$J$301=J36) * ($K$2:$K$301=K36) * ($E$2:$E$301<>"Evening"), ROW($E$2:$E$301)-ROW($E$2)+1, "" ), 1)), "Night" ) )} -> Night
A37: 2024-01-09 | B37: Pit C | C37: Seam 3 | D37: EX1100 | E37: Day | F37: 3338 | G37: 3878 | H37: 9.27 | I37: 0.35 | J37: 8.92 | K37: {=IF( ISNUMBER(DATEVALUE(A37)), TEXT(DATEVALUE(A37),"yyyy-mm-dd"), IFERROR( TEXT(INDEX($A$2:$A$301,MATCH(1, ($B$2:$B$301=B37) * ($C$2:$C$301=C37) * ($D$2:$D$301=D37) * ($E$2:$E$301=E37) * ($F$2:$F$301=F37) * ($G$2:$G$301=G37) * ($H$2:$H$301=H37) * ($I$2:$I$301=I37) * ($J$2:$J$301=J37),0)),"yyyy-mm-dd"), "Perlu Klarifikasi" ) )} -> 2024-01-09 | L37: {=IF( E37<>"Evening", E37, IFERROR( INDEX($E$2:$E$301, SMALL( IF( ($B$2:$B$301=B37) * ($C$2:$C$301=C37) * ($D$2:$D$301=D37) * ($F$2:$F$301=F37) * ($G$2:$G$301=G37) * ($H$2:$H$301=H37) * ($I$2:$I$301=I37) * ($J$2:$J$301=J37) * ($K$2:$K$301=K37) * ($E$2:$E$301<>"Evening"), ROW($E$2:$E$301)-ROW($E$2)+1, "" ), 1)), "Night" ) )} -> Day
A38: 2024-01-09 | B38: Pit A | C38: Seam 3 | D38: EX1200 | E38: Night | F38: 938 | G38: 2671 | H38: 6.8 | I38: 0.97 | J38: 5.83 | K38: {=IF( ISNUMBER(DATEVALUE(A38)), TEXT(DATEVALUE(A38),"yyyy-mm-dd"), IFERROR( TEXT(INDEX($A$2:$A$301,MATCH(1, ($B$2:$B$301=B38) * ($C$2:$C$301=C38) * ($D$2:$D$301=D38) * ($E$2:$E$301=E38) * ($F$2:$F$301=F38) * ($G$2:$G$301=G38) * ($H$2:$H$301=H38) * ($I$2:$I$301=I38) * ($J$2:$J$301=J38),0)),"yyyy-mm-dd"), "Perlu Klarifikasi" ) )} -> 2024-01-09 | L38: {=IF( E38<>"Evening", E38, IFERROR( INDEX($E$2:$E$301, SMALL( IF( ($B$2:$B$301=B38) * ($C$2:$C$301=C38) * ($D$2:$D$301=D38) * ($F$2:$F$301=F38) * ($G$2:$G$301=G38) * ($H$2:$H$301=H38) * ($I$2:$I$301=I38) * ($J$2:$J$301=J38) * ($K$2:$K$301=K38) * ($E$2:$E$301<>"Evening"), ROW($E$2:$E$301)-ROW($E$2)+1, "" ), 1)), "Night" ) )} -> Night
A39: 2024-01-09 | B39: Pit C | C39: Seam 3 | D39: EX1100 | E39: Day | F39: 3338 | G39: 3878 | H39: 9.27 | I39: 0.35 | J39: 8.92 | K39: {=IF( ISNUMBER(DATEVALUE(A39)), TEXT(DATEVALUE(A39),"yyyy-mm-dd"), IFERROR( TEXT(INDEX($A$2:$A$301,MATCH(1, ($B$2:$B$301=B39) * ($C$2:$C$301=C39) * ($D$2:$D$301=D39) * ($E$2:$E$301=E39) * ($F$2:$F$301=F39) * ($G$2:$G$301=G39) * ($H$2:$H$301=H39) * ($I$2:$I$301=I39) * ($J$2:$J$301=J39),0)),"yyyy-mm-dd"), "Perlu Klarifikasi" ) )} -> 2024-01-09 | L39: {=IF( E39<>"Evening", E39, IFERROR( INDEX($E$2:$E$301, SMALL( IF( ($B$2:$B$301=B39) * ($C$2:$C$301=C39) * ($D$2:$D$301=D39) * ($F$2:$F$301=F39) * ($G$2:$G$301=G39) * ($H$2:$H$301=H39) * ($I$2:$I$301=I39) * ($J$2:$J$301=J39) * ($K$2:$K$301=K39) * ($E$2:$E$301<>"Evening"), ROW($E$2:$E$301)-ROW($E$2)+1, "" ), 1)), "Night" ) )} -> Day
... A52: 2024-01-14 | B52: Pit A | C52: Seam 1 | D52: EX2500 | E52: Day | F52: 6140 | G52: 68 | H52: 5.95 | I52: 0.06 | J52: 5.89 | K52: {=IF( ISNUMBER(DATEVALUE(A52)), TEXT(DATEVALUE(A52),"yyyy-mm-dd"), IFERROR( TEXT(INDEX($A$2:$A$301,MATCH(1, ($B$2:$B$301=B52) * ($C$2:$C$301=C52) * ($D$2:$D$301=D52) * ($E$2:$E$301=E52) * ($F$2:$F$301=F52) * ($G$2:$G$301=G52) * ($H$2:$H$301=H52) * ($I$2:$I$301=I52) * ($J$2:$J$301=J52),0)),"yyyy-mm-dd"), "Perlu Klarifikasi" ) )} -> 2024-01-14 | L52: {=IF( E52<>"Evening", E52, IFERROR( INDEX($E$2:$E$301, SMALL( IF( ($B$2:$B$301=B52) * ($C$2:$C$301=C52) * ($D$2:$D$301=D52) * ($F$2:$F$301=F52) * ($G$2:$G$301=G52) * ($H$2:$H$301=H52) * ($I$2:$I$301=I52) * ($J$2:$J$301=J52) * ($K$2:$K$301=K52) * ($E$2:$E$301<>"Evening"), ROW($E$2:$E$301)-ROW($E$2)+1, "" ), 1)), "Night" ) )} -> Day
A53: 2024-01-14 | B53: Pit C | C53: Seam 1 | D53: EX1100 | E53: Night | F53: 8322 | G53: =G56 -> 5039 | H53: 9.36 | I53: 1.99 | J53: 7.37 | K53: {=IF( ISNUMBER(DATEVALUE(A53)), TEXT(DATEVALUE(A53),"yyyy-mm-dd"), IFERROR( TEXT(INDEX($A$2:$A$301,MATCH(1, ($B$2:$B$301=B53) * ($C$2:$C$301=C53) * ($D$2:$D$301=D53) * ($E$2:$E$301=E53) * ($F$2:$F$301=F53) * ($G$2:$G$301=G53) * ($H$2:$H$301=H53) * ($I$2:$I$301=I53) * ($J$2:$J$301=J53),0)),"yyyy-mm-dd"), "Perlu Klarifikasi" ) )} -> 2024-01-14 | L53: {=IF( E53<>"Evening", E53, IFERROR( INDEX($E$2:$E$301, SMALL( IF( ($B$2:$B$301=B53) * ($C$2:$C$301=C53) * ($D$2:$D$301=D53) * ($F$2:$F$301=F53) * ($G$2:$G$301=G53) * ($H$2:$H$301=H53) * ($I$2:$I$301=I53) * ($J$2:$J$301=J53) * ($K$2:$K$301=K53) * ($E$2:$E$301<>"Evening"), ROW($E$2:$E$301)-ROW($E$2)+1, "" ), 1)), "Night" ) )} -> Night
A54: 2024-01-14 | B54: Pit A | C54: Seam 1 | D54: EX2500 | E54: Day | F54: 6140 | G54: 68 | H54: 5.95 | I54: 0.06 | J54: 5.89 | K54: {=IF( ISNUMBER(DATEVALUE(A54)), TEXT(DATEVALUE(A54),"yyyy-mm-dd"), IFERROR( TEXT(INDEX($A$2:$A$301,MATCH(1, ($B$2:$B$301=B54) * ($C$2:$C$301=C54) * ($D$2:$D$301=D54) * ($E$2:$E$301=E54) * ($F$2:$F$301=F54) * ($G$2:$G$301=G54) * ($H$2:$H$301=H54) * ($I$2:$I$301=I54) * ($J$2:$J$301=J54),0)),"yyyy-mm-dd"), "Perlu Klarifikasi" ) )} -> 2024-01-14 | L54: {=IF( E54<>"Evening", E54, IFERROR( INDEX($E$2:$E$301, SMALL( IF( ($B$2:$B$301=B54) * ($C$2:$C$301=C54) * ($D$2:$D$301=D54) * ($F$2:$F$301=F54) * ($G$2:$G$301=G54) * ($H$2:$H$301=H54) * ($I$2:$I$301=I54) * ($J$2:$J$301=J54) * ($K$2:$K$301=K54) * ($E$2:$E$301<>"Evening"), ROW($E$2:$E$301)-ROW($E$2)+1, "" ), 1)), "Night" ) )} -> Day
A55: 2024/13/40 | B55: Pit A | C55: Seam 1 | D55: EX2500 | E55: Day | F55: 6140 | G55: 68 | H55: 5.95 | I55: 0.06 | J55: 5.89 | K55: {=IF( ISNUMBER(DATEVALUE(A55)), TEXT(DATEVALUE(A55),"yyyy-mm-dd"), IFERROR( TEXT(INDEX($A$2:$A$301,MATCH(1, ($B$2:$B$301=B55) * ($C$2:$C$301=C55) * ($D$2:$D$301=D55) * ($E$2:$E$301=E55) * ($F$2:$F$301=F55) * ($G$2:$G$301=G55) * ($H$2:$H$301=H55) * ($I$2:$I$301=I55) * ($J$2:$J$301=J55),0)),"yyyy-mm-dd"), "Perlu Klarifikasi" ) )} -> 2024-01-14 | L55: {=IF( E55<>"Evening", E55, IFERROR( INDEX($E$2:$E$301, SMALL( IF( ($B$2:$B$301=B55) * ($C$2:$C$301=C55) * ($D$2:$D$301=D55) * ($F$2:$F$301=F55) * ($G$2:$G$301=G55) * ($H$2:$H$301=H55) * ($I$2:$I$301=I55) * ($J$2:$J$301=J55) * ($K$2:$K$301=K55) * ($E$2:$E$301<>"Evening"), ROW($E$2:$E$301)-ROW($E$2)+1, "" ), 1)), "Night" ) )} -> Day
A56: 2024-01-14 | B56: Pit C | C56: Seam 1 | D56: EX1100 | E56: Night | F56: 8322 | G56: 5039 | H56: 9.36 | I56: 1.99 | J56: 7.37 | K56: {=IF( ISNUMBER(DATEVALUE(A56)), TEXT(DATEVALUE(A56),"yyyy-mm-dd"), IFERROR( TEXT(INDEX($A$2:$A$301,MATCH(1, ($B$2:$B$301=B56) * ($C$2:$C$301=C56) * ($D$2:$D$301=D56) * ($E$2:$E$301=E56) * ($F$2:$F$301=F56) * ($G$2:$G$301=G56) * ($H$2:$H$301=H56) * ($I$2:$I$301=I56) * ($J$2:$J$301=J56),0)),"yyyy-mm-dd"), "Perlu Klarifikasi" ) )} -> 2024-01-14 | L56: {=IF( E56<>"Evening", E56, IFERROR( INDEX($E$2:$E$301, SMALL( IF( ($B$2:$B$301=B56) * ($C$2:$C$301=C56) * ($D$2:$D$301=D56) * ($F$2:$F$301=F56) * ($G$2:$G$301=G56) * ($H$2:$H$301=H56) * ($I$2:$I$301=I56) * ($J$2:$J$301=J56) * ($K$2:$K$301=K56) * ($E$2:$E$301<>"Evening"), ROW($E$2:$E$301)-ROW($E$2)+1, "" ), 1)), "Night" ) )} -> Night
A57: 2024-01-14 | B57: Pit A | C57: Seam 3 | D57: EX2500 | E57: Day | F57: 5415 | G57: 5800 | H57: 4.57 | I57: 0.38 | J57: 4.19 | K57: {=IF( ISNUMBER(DATEVALUE(A57)), TEXT(DATEVALUE(A57),"yyyy-mm-dd"), IFERROR( TEXT(INDEX($A$2:$A$301,MATCH(1, ($B$2:$B$301=B57) * ($C$2:$C$301=C57) * ($D$2:$D$301=D57) * ($E$2:$E$301=E57) * ($F$2:$F$301=F57) * ($G$2:$G$301=G57) * ($H$2:$H$301=H57) * ($I$2:$I$301=I57) * ($J$2:$J$301=J57),0)),"yyyy-mm-dd"), "Perlu Klarifikasi" ) )} -> 2024-01-14 | L57: {=IF( E57<>"Evening", E57, IFERROR( INDEX($E$2:$E$301, SMALL( IF( ($B$2:$B$301=B57) * ($C$2:$C$301=C57) * ($D$2:$D$301=D57) * ($F$2:$F$301=F57) * ($G$2:$G$301=G57) * ($H$2:$H$301=H57) * ($I$2:$I$301=I57) * ($J$2:$J$301=J57) * ($K$2:$K$301=K57) * ($E$2:$E$301<>"Evening"), ROW($E$2:$E$301)-ROW($E$2)+1, "" ), 1)), "Night" ) )} -> Day
A58: 2024-01-14 | B58: Pit A | C58: Seam 3 | D58: EX2500 | E58: Day | F58: 5415 | G58: 5800 | H58: 4.57 | I58: 0.38 | J58: 4.19 | K58: {=IF( ISNUMBER(DATEVALUE(A58)), TEXT(DATEVALUE(A58),"yyyy-mm-dd"), IFERROR( TEXT(INDEX($A$2:$A$301,MATCH(1, ($B$2:$B$301=B58) * ($C$2:$C$301=C58) * ($D$2:$D$301=D58) * ($E$2:$E$301=E58) * ($F$2:$F$301=F58) * ($G$2:$G$301=G58) * ($H$2:$H$301=H58) * ($I$2:$I$301=I58) * ($J$2:$J$301=J58),0)),"yyyy-mm-dd"), "Perlu Klarifikasi" ) )} -> 2024-01-14 | L58: {=IF( E58<>"Evening", E58, IFERROR( INDEX($E$2:$E$301, SMALL( IF( ($B$2:$B$301=B58) * ($C$2:$C$301=C58) * ($D$2:$D$301=D58) * ($F$2:$F$301=F58) * ($G$2:$G$301=G58) * ($H$2:$H$301=H58) * ($I$2:$I$301=I58) * ($J$2:$J$301=J58) * ($K$2:$K$301=K58) * ($E$2:$E$301<>"Evening"), ROW($E$2:$E$301)-ROW($E$2)+1, "" ), 1)), "Night" ) )} -> Day
A59: 2024-01-14 | B59: Pit A | C59: Seam 3 | D59: EX2500 | E59: Day | F59: 5415 | G59: 5800 | H59: 4.57 | I59: 0.38 | J59: 4.19 | K59: {=IF( ISNUMBER(DATEVALUE(A59)), TEXT(DATEVALUE(A59),"yyyy-mm-dd"), IFERROR( TEXT(INDEX($A$2:$A$301,MATCH(1, ($B$2:$B$301=B59) * ($C$2:$C$301=C59) * ($D$2:$D$301=D59) * ($E$2:$E$301=E59) * ($F$2:$F$301=F59) * ($G$2:$G$301=G59) * ($H$2:$H$301=H59) * ($I$2:$I$301=I59) * ($J$2:$J$301=J59),0)),"yyyy-mm-dd"), "Perlu Klarifikasi" ) )} -> 2024-01-14 | L59: {=IF( E59<>"Evening", E59, IFERROR( INDEX($E$2:$E$301, SMALL( IF( ($B$2:$B$301=B59) * ($C$2:$C$301=C59) * ($D$2:$D$301=D59) * ($F$2:$F$301=F59) * ($G$2:$G$301=G59) * ($H$2:$H$301=H59) * ($I$2:$I$301=I59) * ($J$2:$J$301=J59) * ($K$2:$K$301=K59) * ($E$2:$E$301<>"Evening"), ROW($E$2:$E$301)-ROW($E$2)+1, "" ), 1)), "Night" ) )} -> Day
A60: 2024-01-15 | B60: Pit A | C60: Seam 1 | D60: EX1100 | E60: Day | F60: 7864 | G60: 4876 | H60: 6.23 | I60: 1.01 | J60: 5.22 | K60: {=IF( ISNUMBER(DATEVALUE(A60)), TEXT(DATEVALUE(A60),"yyyy-mm-dd"), IFERROR( TEXT(INDEX($A$2:$A$301,MATCH(1, ($B$2:$B$301=B60) * ($C$2:$C$301=C60) * ($D$2:$D$301=D60) * ($E$2:$E$301=E60) * ($F$2:$F$301=F60) * ($G$2:$G$301=G60) * ($H$2:$H$301=H60) * ($I$2:$I$301=I60) * ($J$2:$J$301=J60),0)),"yyyy-mm-dd"), "Perlu Klarifikasi" ) )} -> 2024-01-15 | L60: {=IF( E60<>"Evening", E60, IFERROR( INDEX($E$2:$E$301, SMALL( IF( ($B$2:$B$301=B60) * ($C$2:$C$301=C60) * ($D$2:$D$301=D60) * ($F$2:$F$301=F60) * ($G$2:$G$301=G60) * ($H$2:$H$301=H60) * ($I$2:$I$301=I60) * ($J$2:$J$301=J60) * ($K$2:$K$301=K60) * ($E$2:$E$301<>"Evening"), ROW($E$2:$E$301)-ROW($E$2)+1, "" ), 1)), "Night" ) )} -> Day
A61: 2024-01-15 | B61: Pit A | C61: Seam 1 | D61: EX1200 | E61: Day | F61: 4629 | G61: 6379 | H61: 6.26 | I61: 1.64 | J61: 4.62 | K61: {=IF( ISNUMBER(DATEVALUE(A61)), TEXT(DATEVALUE(A61),"yyyy-mm-dd"), IFERROR( TEXT(INDEX($A$2:$A$301,MATCH(1, ($B$2:$B$301=B61) * ($C$2:$C$301=C61) * ($D$2:$D$301=D61) * ($E$2:$E$301=E61) * ($F$2:$F$301=F61) * ($G$2:$G$301=G61) * ($H$2:$H$301=H61) * ($I$2:$I$301=I61) * ($J$2:$J$301=J61),0)),"yyyy-mm-dd"), "Perlu Klarifikasi" ) )} -> 2024-01-15 | L61: {=IF( E61<>"Evening", E61, IFERROR( INDEX($E$2:$E$301, SMALL( IF( ($B$2:$B$301=B61) * ($C$2:$C$301=C61) * ($D$2:$D$301=D61) * ($F$2:$F$301=F61) * ($G$2:$G$301=G61) * ($H$2:$H$301=H61) * ($I$2:$I$301=I61) * ($J$2:$J$301=J61) * ($K$2:$K$301=K61) * ($E$2:$E$301<>"Evening"), ROW($E$2:$E$301)-ROW($E$2)+1, "" ), 1)), "Night" ) )} -> Day
A62: 2024-01-15 | B62: Pit A | C62: Seam 1 | D62: EX1200 | E62: Day | F62: 4629 | G62: 6379 | H62: 6.26 | I62: 1.64 | J62: 4.62 | K62: {=IF( ISNUMBER(DATEVALUE(A62)), TEXT(DATEVALUE(A62),"yyyy-mm-dd"), IFERROR( TEXT(INDEX($A$2:$A$301,MATCH(1, ($B$2:$B$301=B62) * ($C$2:$C$301=C62) * ($D$2:$D$301=D62) * ($E$2:$E$301=E62) * ($F$2:$F$301=F62) * ($G$2:$G$301=G62) * ($H$2:$H$301=H62) * ($I$2:$I$301=I62) * ($J$2:$J$301=J62),0)),"yyyy-mm-dd"), "Perlu Klarifikasi" ) )} -> 2024-01-15 | L62: {=IF( E62<>"Evening", E62, IFERROR( INDEX($E$2:$E$301, SMALL( IF( ($B$2:$B$301=B62) * ($C$2:$C$301=C62) * ($D$2:$D$301=D62) * ($F$2:$F$301=F62) * ($G$2:$G$301=G62) * ($H$2:$H$301=H62) * ($I$2:$I$301=I62) * ($J$2:$J$301=J62) * ($K$2:$K$301=K62) * ($E$2:$E$301<>"Evening"), ROW($E$2:$E$301)-ROW($E$2)+1, "" ), 1)), "Night" ) )} -> Day
A63: 2024-01-15 | B63: Pit C | C63: Seam 3 | D63: EX1200 | E63: Day | F63: 4466 | G63: 3023 | H63: 8.98 | I63: 0.75 | J63: 8.23 | K63: {=IF( ISNUMBER(DATEVALUE(A63)), TEXT(DATEVALUE(A63),"yyyy-mm-dd"), IFERROR( TEXT(INDEX($A$2:$A$301,MATCH(1, ($B$2:$B$301=B63) * ($C$2:$C$301=C63) * ($D$2:$D$301=D63) * ($E$2:$E$301=E63) * ($F$2:$F$301=F63) * ($G$2:$G$301=G63) * ($H$2:$H$301=H63) * ($I$2:$I$301=I63) * ($J$2:$J$301=J63),0)),"yyyy-mm-dd"), "Perlu Klarifikasi" ) )} -> 2024-01-15 | L63: {=IF( E63<>"Evening", E63, IFERROR( INDEX($E$2:$E$301, SMALL( IF( ($B$2:$B$301=B63) * ($C$2:$C$301=C63) * ($D$2:$D$301=D63) * ($F$2:$F$301=F63) * ($G$2:$G$301=G63) * ($H$2:$H$301=H63) * ($I$2:$I$301=I63) * ($J$2:$J$301=J63) * ($K$2:$K$301=K63) * ($E$2:$E$301<>"Evening"), ROW($E$2:$E$301)-ROW($E$2)+1, "" ), 1)), "Night" ) )} -> Day
A64: 2024-01-15 | B64: Pit A | C64: Seam 1 | D64: EX1100 | E64: Day | F64: =F68 -> 7864 | G64: 4876 | H64: 6.23 | I64: 1.01 | J64: 5.22 | K64: {=IF( ISNUMBER(DATEVALUE(A64)), TEXT(DATEVALUE(A64),"yyyy-mm-dd"), IFERROR( TEXT(INDEX($A$2:$A$301,MATCH(1, ($B$2:$B$301=B64) * ($C$2:$C$301=C64) * ($D$2:$D$301=D64) * ($E$2:$E$301=E64) * ($F$2:$F$301=F64) * ($G$2:$G$301=G64) * ($H$2:$H$301=H64) * ($I$2:$I$301=I64) * ($J$2:$J$301=J64),0)),"yyyy-mm-dd"), "Perlu Klarifikasi" ) )} -> 2024-01-15 | L64: {=IF( E64<>"Evening", E64, IFERROR( INDEX($E$2:$E$301, SMALL( IF( ($B$2:$B$301=B64) * ($C$2:$C$301=C64) * ($D$2:$D$301=D64) * ($F$2:$F$301=F64) * ($G$2:$G$301=G64) * ($H$2:$H$301=H64) * ($I$2:$I$301=I64) * ($J$2:$J$301=J64) * ($K$2:$K$301=K64) * ($E$2:$E$301<>"Evening"), ROW($E$2:$E$301)-ROW($E$2)+1, "" ), 1)), "Night" ) )} -> Day
A65: 2024-01-15 | B65: Pit C | C65: Seam 1 | D65: EX1100 | E65: Night | F65: =F63 -> 4466 | G65: 4358 | H65: 6.25 | I65: 0.94 | J65: 5.31 | K65: {=IF( ISNUMBER(DATEVALUE(A65)), TEXT(DATEVALUE(A65),"yyyy-mm-dd"), IFERROR( TEXT(INDEX($A$2:$A$301,MATCH(1, ($B$2:$B$301=B65) * ($C$2:$C$301=C65) * ($D$2:$D$301=D65) * ($E$2:$E$301=E65) * ($F$2:$F$301=F65) * ($G$2:$G$301=G65) * ($H$2:$H$301=H65) * ($I$2:$I$301=I65) * ($J$2:$J$301=J65),0)),"yyyy-mm-dd"), "Perlu Klarifikasi" ) )} -> 2024-01-15 | L65: {=IF( E65<>"Evening", E65, IFERROR( INDEX($E$2:$E$301, SMALL( IF( ($B$2:$B$301=B65) * ($C$2:$C$301=C65) * ($D$2:$D$301=D65) * ($F$2:$F$301=F65) * ($G$2:$G$301=G65) * ($H$2:$H$301=H65) * ($I$2:$I$301=I65) * ($J$2:$J$301=J65) * ($K$2:$K$301=K65) * ($E$2:$E$301<>"Evening"), ROW($E$2:$E$301)-ROW($E$2)+1, "" ), 1)), "Night" ) )} -> Night
A66: 2024-01-15 | B66: Pit C | C66: Seam 3 | D66: EX1200 | E66: Evening | F66: 4466 | G66: 3023 | H66: 8.98 | I66: 0.75 | J66: 8.23 | K66: {=IF( ISNUMBER(DATEVALUE(A66)), TEXT(DATEVALUE(A66),"yyyy-mm-dd"), IFERROR( TEXT(INDEX($A$2:$A$301,MATCH(1, ($B$2:$B$301=B66) * ($C$2:$C$301=C66) * ($D$2:$D$301=D66) * ($E$2:$E$301=E66) * ($F$2:$F$301=F66) * ($G$2:$G$301=G66) * ($H$2:$H$301=H66) * ($I$2:$I$301=I66) * ($J$2:$J$301=J66),0)),"yyyy-mm-dd"), "Perlu Klarifikasi" ) )} -> 2024-01-15 | L66: {=IF( E66<>"Evening", E66, IFERROR( INDEX($E$2:$E$301, SMALL( IF( ($B$2:$B$301=B66) * ($C$2:$C$301=C66) * ($D$2:$D$301=D66) * ($F$2:$F$301=F66) * ($G$2:$G$301=G66) * ($H$2:$H$301=H66) * ($I$2:$I$301=I66) * ($J$2:$J$301=J66) * ($K$2:$K$301=K66) * ($E$2:$E$301<>"Evening"), ROW($E$2:$E$301)-ROW($E$2)+1, "" ), 1)), "Night" ) )} -> Day
A67: 2024/13/40 | B67: Pit A | C67: Seam 1 | D67: EX1200 | E67: Day | F67: 4629 | G67: 6379 | H67: 6.26 | I67: 1.64 | J67: 4.62 | K67: {=IF( ISNUMBER(DATEVALUE(A67)), TEXT(DATEVALUE(A67),"yyyy-mm-dd"), IFERROR( TEXT(INDEX($A$2:$A$301,MATCH(1, ($B$2:$B$301=B67) * ($C$2:$C$301=C67) * ($D$2:$D$301=D67) * ($E$2:$E$301=E67) * ($F$2:$F$301=F67) * ($G$2:$G$301=G67) * ($H$2:$H$301=H67) * ($I$2:$I$301=I67) * ($J$2:$J$301=J67),0)),"yyyy-mm-dd"), "Perlu Klarifikasi" ) )} -> 2024-01-15 | L67: {=IF( E67<>"Evening", E67, IFERROR( INDEX($E$2:$E$301, SMALL( IF( ($B$2:$B$301=B67) * ($C$2:$C$301=C67) * ($D$2:$D$301=D67) * ($F$2:$F$301=F67) * ($G$2:$G$301=G67) * ($H$2:$H$301=H67) * ($I$2:$I$301=I67) * ($J$2:$J$301=J67) * ($K$2:$K$301=K67) * ($E$2:$E$301<>"Evening"), ROW($E$2:$E$301)-ROW($E$2)+1, "" ), 1)), "Night" ) )} -> Day
A68: 2024-01-15 | B68: Pit A | C68: Seam 1 | D68: EX1100 | E68: Day | F68: 7864 | G68: 4876 | H68: 6.23 | I68: 1.01 | J68: 5.22 | K68: {=IF( ISNUMBER(DATEVALUE(A68)), TEXT(DATEVALUE(A68),"yyyy-mm-dd"), IFERROR( TEXT(INDEX($A$2:$A$301,MATCH(1, ($B$2:$B$301=B68) * ($C$2:$C$301=C68) * ($D$2:$D$301=D68) * ($E$2:$E$301=E68) * ($F$2:$F$301=F68) * ($G$2:$G$301=G68) * ($H$2:$H$301=H68) * ($I$2:$I$301=I68) * ($J$2:$J$301=J68),0)),"yyyy-mm-dd"), "Perlu Klarifikasi" ) )} -> 2024-01-15 | L68: {=IF( E68<>"Evening", E68, IFERROR( INDEX($E$2:$E$301, SMALL( IF( ($B$2:$B$301=B68) * ($C$2:$C$301=C68) * ($D$2:$D$301=D68) * ($F$2:$F$301=F68) * ($G$2:$G$301=G68) * ($H$2:$H$301=H68) * ($I$2:$I$301=I68) * ($J$2:$J$301=J68) * ($K$2:$K$301=K68) * ($E$2:$E$301<>"Evening"), ROW($E$2:$E$301)-ROW($E$2)+1, "" ), 1)), "Night" ) )} -> Day
A69: 2024-01-15 | B69: Pit A | C69: Seam 1 | D69: EX1100 | E69: Day | F69: 7864 | G69: 4876 | H69: 6.23 | I69: 1.01 | J69: 5.22 | K69: {=IF( ISNUMBER(DATEVALUE(A69)), TEXT(DATEVALUE(A69),"yyyy-mm-dd"), IFERROR( TEXT(INDEX($A$2:$A$301,MATCH(1, ($B$2:$B$301=B69) * ($C$2:$C$301=C69) * ($D$2:$D$301=D69) * ($E$2:$E$301=E69) * ($F$2:$F$301=F69) * ($G$2:$G$301=G69) * ($H$2:$H$301=H69) * ($I$2:$I$301=I69) * ($J$2:$J$301=J69),0)),"yyyy-mm-dd"), "Perlu Klarifikasi" ) )} -> 2024-01-15 | L69: {=IF( E69<>"Evening", E69, IFERROR( INDEX($E$2:$E$301, SMALL( IF( ($B$2:$B$301=B69) * ($C$2:$C$301=C69) * ($D$2:$D$301=D69) * ($F$2:$F$301=F69) * ($G$2:$G$301=G69) * ($H$2:$H$301=H69) * ($I$2:$I$301=I69) * ($J$2:$J$301=J69) * ($K$2:$K$301=K69) * ($E$2:$E$301<>"Evening"), ROW($E$2:$E$301)-ROW($E$2)+1, "" ), 1)), "Night" ) )} -> Day
A70: 2024-01-16 | B70: Pit B | C70: Seam 2 | D70: EX1200 | E70: Day | F70: 4108 | G70: 4099 | H70: 9.24 | I70: 1.82 | J70: 7.42 | K70: {=IF( ISNUMBER(DATEVALUE(A70)), TEXT(DATEVALUE(A70),"yyyy-mm-dd"), IFERROR( TEXT(INDEX($A$2:$A$301,MATCH(1, ($B$2:$B$301=B70) * ($C$2:$C$301=C70) * ($D$2:$D$301=D70) * ($E$2:$E$301=E70) * ($F$2:$F$301=F70) * ($G$2:$G$301=G70) * ($H$2:$H$301=H70) * ($I$2:$I$301=I70) * ($J$2:$J$301=J70),0)),"yyyy-mm-dd"), "Perlu Klarifikasi" ) )} -> 2024-01-16 | L70: {=IF( E70<>"Evening", E70, IFERROR( INDEX($E$2:$E$301, SMALL( IF( ($B$2:$B$301=B70) * ($C$2:$C$301=C70) * ($D$2:$D$301=D70) * ($F$2:$F$301=F70) * ($G$2:$G$301=G70) * ($H$2:$H$301=H70) * ($I$2:$I$301=I70) * ($J$2:$J$301=J70) * ($K$2:$K$301=K70) * ($E$2:$E$301<>"Evening"), ROW($E$2:$E$301)-ROW($E$2)+1, "" ), 1)), "Night" ) )} -> Day
A71: 2024-01-16 | B71: Pit B | C71: Seam 2 | D71: EX1200 | E71: Day | F71: 4108 | G71: 4099 | H71: 9.24 | I71: 1.82 | J71: 7.42 | K71: {=IF( ISNUMBER(DATEVALUE(A71)), TEXT(DATEVALUE(A71),"yyyy-mm-dd"), IFERROR( TEXT(INDEX($A$2:$A$301,MATCH(1, ($B$2:$B$301=B71) * ($C$2:$C$301=C71) * ($D$2:$D$301=D71) * ($E$2:$E$301=E71) * ($F$2:$F$301=F71) * ($G$2:$G$301=G71) * ($H$2:$H$301=H71) * ($I$2:$I$301=I71) * ($J$2:$J$301=J71),0)),"yyyy-mm-dd"), "Perlu Klarifikasi" ) )} -> 2024-01-16 | L71: {=IF( E71<>"Evening", E71, IFERROR( INDEX($E$2:$E$301, SMALL( IF( ($B$2:$B$301=B71) * ($C$2:$C$301=C71) * ($D$2:$D$301=D71) * ($F$2:$F$301=F71) * ($G$2:$G$301=G71) * ($H$2:$H$301=H71) * ($I$2:$I$301=I71) * ($J$2:$J$301=J71) * ($K$2:$K$301=K71) * ($E$2:$E$301<>"Evening"), ROW($E$2:$E$301)-ROW($E$2)+1, "" ), 1)), "Night" ) )} -> Day
A72: 2024-01-16 | B72: Pit B | C72: Seam 2 | D72: EX1200 | E72: Day | F72: 4108 | G72: 4099 | H72: 9.24 | I72: 1.82 | J72: 7.42 | K72: {=IF( ISNUMBER(DATEVALUE(A72)), TEXT(DATEVALUE(A72),"yyyy-mm-dd"), IFERROR( TEXT(INDEX($A$2:$A$301,MATCH(1, ($B$2:$B$301=B72) * ($C$2:$C$301=C72) * ($D$2:$D$301=D72) * ($E$2:$E$301=E72) * ($F$2:$F$301=F72) * ($G$2:$G$301=G72) * ($H$2:$H$301=H72) * ($I$2:$I$301=I72) * ($J$2:$J$301=J72),0)),"yyyy-mm-dd"), "Perlu Klarifikasi" ) )} -> 2024-01-16 | L72: {=IF( E72<>"Evening", E72, IFERROR( INDEX($E$2:$E$301, SMALL( IF( ($B$2:$B$301=B72) * ($C$2:$C$301=C72) * ($D$2:$D$301=D72) * ($F$2:$F$301=F72) * ($G$2:$G$301=G72) * ($H$2:$H$301=H72) * ($I$2:$I$301=I72) * ($J$2:$J$301=J72) * ($K$2:$K$301=K72) * ($E$2:$E$301<>"Evening"), ROW($E$2:$E$301)-ROW($E$2)+1, "" ), 1)), "Night" ) )} -> Day
A73: 2024-01-16 | B73: Pit B | C73: Seam 2 | D73: EX1200 | E73: Day | F73: 4108 | G73: 4099 | H73: 9.24 | I73: 1.82 | J73: 7.42 | K73: {=IF( ISNUMBER(DATEVALUE(A73)), TEXT(DATEVALUE(A73),"yyyy-mm-dd"), IFERROR( TEXT(INDEX($A$2:$A$301,MATCH(1, ($B$2:$B$301=B73) * ($C$2:$C$301=C73) * ($D$2:$D$301=D73) * ($E$2:$E$301=E73) * ($F$2:$F$301=F73) * ($G$2:$G$301=G73) * ($H$2:$H$301=H73) * ($I$2:$I$301=I73) * ($J$2:$J$301=J73),0)),"yyyy-mm-dd"), "Perlu Klarifikasi" ) )} -> 2024-01-16 | L73: {=IF( E73<>"Evening", E73, IFERROR( INDEX($E$2:$E$301, SMALL( IF( ($B$2:$B$301=B73) * ($C$2:$C$301=C73) * ($D$2:$D$301=D73) * ($F$2:$F$301=F73) * ($G$2:$G$301=G73) * ($H$2:$H$301=H73) * ($I$2:$I$301=I73) * ($J$2:$J$301=J73) * ($K$2:$K$301=K73) * ($E$2:$E$301<>"Evening"), ROW($E$2:$E$301)-ROW($E$2)+1, "" ), 1)), "Night" ) )} -> Day
A74: 2024-01-17 | B74: Pit A | C74: Seam 2 | D74: EX2500 | E74: Night | F74: 503 | G74: 3033 | H74: 7.33 | I74: 0.73 | J74: 6.6 | K74: {=IF( ISNUMBER(DATEVALUE(A74)), TEXT(DATEVALUE(A74),"yyyy-mm-dd"), IFERROR( TEXT(INDEX($A$2:$A$301,MATCH(1, ($B$2:$B$301=B74) * ($C$2:$C$301=C74) * ($D$2:$D$301=D74) * ($E$2:$E$301=E74) * ($F$2:$F$301=F74) * ($G$2:$G$301=G74) * ($H$2:$H$301=H74) * ($I$2:$I$301=I74) * ($J$2:$J$301=J74),0)),"yyyy-mm-dd"), "Perlu Klarifikasi" ) )} -> 2024-01-17 | L74: {=IF( E74<>"Evening", E74, IFERROR( INDEX($E$2:$E$301, SMALL( IF( ($B$2:$B$301=B74) * ($C$2:$C$301=C74) * ($D$2:$D$301=D74) * ($F$2:$F$301=F74) * ($G$2:$G$301=G74) * ($H$2:$H$301=H74) * ($I$2:$I$301=I74) * ($J$2:$J$301=J74) * ($K$2:$K$301=K74) * ($E$2:$E$301<>"Evening"), ROW($E$2:$E$301)-ROW($E$2)+1, "" ), 1)), "Night" ) )} -> Night
A75: 2024-01-17 | B75: Pit A | C75: {=IF( Produksi!C71<>"", Produksi!C71, IFERROR( INDEX($C$2:$C$301, MATCH(1, ($B$2:$B$301=Produksi!B71) * ($D$2:$D$301=Produksi!D71) * ($E$2:$E$301=Produksi!E71) * ($F$2:$F$301=Produksi!F71), 0)), "Perlu Klarifikasi") )} -> Seam 2 | D75: EX2500 | E75: Night | F75: 503 | G75: 3033 | H75: 7.33 | I75: 0.73 | J75: 6.6 | K75: {=IF( ISNUMBER(DATEVALUE(A75)), TEXT(DATEVALUE(A75),"yyyy-mm-dd"), IFERROR( TEXT(INDEX($A$2:$A$301,MATCH(1, ($B$2:$B$301=B75) * ($C$2:$C$301=C75) * ($D$2:$D$301=D75) * ($E$2:$E$301=E75) * ($F$2:$F$301=F75) * ($G$2:$G$301=G75) * ($H$2:$H$301=H75) * ($I$2:$I$301=I75) * ($J$2:$J$301=J75),0)),"yyyy-mm-dd"), "Perlu Klarifikasi" ) )} -> 2024-01-17 | L75: {=IF( E75<>"Evening", E75, IFERROR( INDEX($E$2:$E$301, SMALL( IF( ($B$2:$B$301=B75) * ($C$2:$C$301=C75) * ($D$2:$D$301=D75) * ($F$2:$F$301=F75) * ($G$2:$G$301=G75) * ($H$2:$H$301=H75) * ($I$2:$I$301=I75) * ($J$2:$J$301=J75) * ($K$2:$K$301=K75) * ($E$2:$E$301<>"Evening"), ROW($E$2:$E$301)-ROW($E$2)+1, "" ), 1)), "Night" ) )} -> Night
A76: 2024-01-17 | B76: Pit A | C76: Seam 2 | D76: EX2500 | E76: Night | F76: 503 | G76: 3033 | H76: 7.33 | I76: 0.73 | J76: 6.6 | K76: {=IF( ISNUMBER(DATEVALUE(A76)), TEXT(DATEVALUE(A76),"yyyy-mm-dd"), IFERROR( TEXT(INDEX($A$2:$A$301,MATCH(1, ($B$2:$B$301=B76) * ($C$2:$C$301=C76) * ($D$2:$D$301=D76) * ($E$2:$E$301=E76) * ($F$2:$F$301=F76) * ($G$2:$G$301=G76) * ($H$2:$H$301=H76) * ($I$2:$I$301=I76) * ($J$2:$J$301=J76),0)),"yyyy-mm-dd"), "Perlu Klarifikasi" ) )} -> 2024-01-17 | L76: {=IF( E76<>"Evening", E76, IFERROR( INDEX($E$2:$E$301, SMALL( IF( ($B$2:$B$301=B76) * ($C$2:$C$301=C76) * ($D$2:$D$301=D76) * ($F$2:$F$301=F76) * ($G$2:$G$301=G76) * ($H$2:$H$301=H76) * ($I$2:$I$301=I76) * ($J$2:$J$301=J76) * ($K$2:$K$301=K76) * ($E$2:$E$301<>"Evening"), ROW($E$2:$E$301)-ROW($E$2)+1, "" ), 1)), "Night" ) )} -> Night
A77: 2024-01-17 | B77: Pit A | C77: Seam 1 | D77: EX1100 | E77: Day | F77: 8658 | G77: 999 | H77: 8.54 | I77: 1.89 | J77: 6.65 | K77: {=IF( ISNUMBER(DATEVALUE(A77)), TEXT(DATEVALUE(A77),"yyyy-mm-dd"), IFERROR( TEXT(INDEX($A$2:$A$301,MATCH(1, ($B$2:$B$301=B77) * ($C$2:$C$301=C77) * ($D$2:$D$301=D77) * ($E$2:$E$301=E77) * ($F$2:$F$301=F77) * ($G$2:$G$301=G77) * ($H$2:$H$301=H77) * ($I$2:$I$301=I77) * ($J$2:$J$301=J77),0)),"yyyy-mm-dd"), "Perlu Klarifikasi" ) )} -> 2024-01-17 | L77: {=IF( E77<>"Evening", E77, IFERROR( INDEX($E$2:$E$301, SMALL( IF( ($B$2:$B$301=B77) * ($C$2:$C$301=C77) * ($D$2:$D$301=D77) * ($F$2:$F$301=F77) * ($G$2:$G$301=G77) * ($H$2:$H$301=H77) * ($I$2:$I$301=I77) * ($J$2:$J$301=J77) * ($K$2:$K$301=K77) * ($E$2:$E$301<>"Evening"), ROW($E$2:$E$301)-ROW($E$2)+1, "" ), 1)), "Night" ) )} -> Day
A78: 2024-01-17 | B78: Pit A | C78: Seam 2 | D78: EX2500 | E78: Night | F78: 503 | G78: 3033 | H78: 7.33 | I78: 0.73 | J78: 6.6 | K78: {=IF( ISNUMBER(DATEVALUE(A78)), TEXT(DATEVALUE(A78),"yyyy-mm-dd"), IFERROR( TEXT(INDEX($A$2:$A$301,MATCH(1, ($B$2:$B$301=B78) * ($C$2:$C$301=C78) * ($D$2:$D$301=D78) * ($E$2:$E$301=E78) * ($F$2:$F$301=F78) * ($G$2:$G$301=G78) * ($H$2:$H$301=H78) * ($I$2:$I$301=I78) * ($J$2:$J$301=J78),0)),"yyyy-mm-dd"), "Perlu Klarifikasi" ) )} -> 2024-01-17 | L78: {=IF( E78<>"Evening", E78, IFERROR( INDEX($E$2:$E$301, SMALL( IF( ($B$2:$B$301=B78) * ($C$2:$C$301=C78) * ($D$2:$D$301=D78) * ($F$2:$F$301=F78) * ($G$2:$G$301=G78) * ($H$2:$H$301=H78) * ($I$2:$I$301=I78) * ($J$2:$J$301=J78) * ($K$2:$K$301=K78) * ($E$2:$E$301<>"Evening"), ROW($E$2:$E$301)-ROW($E$2)+1, "" ), 1)), "Night" ) )} -> Night
A79: 2024-01-17 | B79: Pit A | C79: Seam 1 | D79: EX1100 | E79: Day | F79: 8658 | G79: 999 | H79: 8.54 | I79: 1.89 | J79: 6.65 | K79: {=IF( ISNUMBER(DATEVALUE(A79)), TEXT(DATEVALUE(A79),"yyyy-mm-dd"), IFERROR( TEXT(INDEX($A$2:$A$301,MATCH(1, ($B$2:$B$301=B79) * ($C$2:$C$301=C79) * ($D$2:$D$301=D79) * ($E$2:$E$301=E79) * ($F$2:$F$301=F79) * ($G$2:$G$301=G79) * ($H$2:$H$301=H79) * ($I$2:$I$301=I79) * ($J$2:$J$301=J79),0)),"yyyy-mm-dd"), "Perlu Klarifikasi" ) )} -> 2024-01-17 | L79: {=IF( E79<>"Evening", E79, IFERROR( INDEX($E$2:$E$301, SMALL( IF( ($B$2:$B$301=B79) * ($C$2:$C$301=C79) * ($D$2:$D$301=D79) * ($F$2:$F$301=F79) * ($G$2:$G$301=G79) * ($H$2:$H$301=H79) * ($I$2:$I$301=I79) * ($J$2:$J$301=J79) * ($K$2:$K$301=K79) * ($E$2:$E$301<>"Evening"), ROW($E$2:$E$301)-ROW($E$2)+1, "" ), 1)), "Night" ) )} -> Day
A80: 2024-01-18 | B80: Pit A | C80: Seam 3 | D80: EX1100 | E80: Day | F80: 2292 | G80: 254 | H80: 5.83 | I80: 1.8 | J80: 4.03 | K80: {=IF( ISNUMBER(DATEVALUE(A80)), TEXT(DATEVALUE(A80),"yyyy-mm-dd"), IFERROR( TEXT(INDEX($A$2:$A$301,MATCH(1, ($B$2:$B$301=B80) * ($C$2:$C$301=C80) * ($D$2:$D$301=D80) * ($E$2:$E$301=E80) * ($F$2:$F$301=F80) * ($G$2:$G$301=G80) * ($H$2:$H$301=H80) * ($I$2:$I$301=I80) * ($J$2:$J$301=J80),0)),"yyyy-mm-dd"), "Perlu Klarifikasi" ) )} -> 2024-01-18 | L80: {=IF( E80<>"Evening", E80, IFERROR( INDEX($E$2:$E$301, SMALL( IF( ($B$2:$B$301=B80) * ($C$2:$C$301=C80) * ($D$2:$D$301=D80) * ($F$2:$F$301=F80) * ($G$2:$G$301=G80) * ($H$2:$H$301=H80) * ($I$2:$I$301=I80) * ($J$2:$J$301=J80) * ($K$2:$K$301=K80) * ($E$2:$E$301<>"Evening"), ROW($E$2:$E$301)-ROW($E$2)+1, "" ), 1)), "Night" ) )} -> Day
A81: 2024-01-18 | B81: Pit C | C81: Seam 2 | D81: EX1200 | E81: Day | F81: 6094 | G81: 6929 | H81: 5.72 | I81: 0.89 | J81: 4.83 | K81: {=IF( ISNUMBER(DATEVALUE(A81)), TEXT(DATEVALUE(A81),"yyyy-mm-dd"), IFERROR( TEXT(INDEX($A$2:$A$301,MATCH(1, ($B$2:$B$301=B81) * ($C$2:$C$301=C81) * ($D$2:$D$301=D81) * ($E$2:$E$301=E81) * ($F$2:$F$301=F81) * ($G$2:$G$301=G81) * ($H$2:$H$301=H81) * ($I$2:$I$301=I81) * ($J$2:$J$301=J81),0)),"yyyy-mm-dd"), "Perlu Klarifikasi" ) )} -> 2024-01-18 | L81: {=IF( E81<>"Evening", E81, IFERROR( INDEX($E$2:$E$301, SMALL( IF( ($B$2:$B$301=B81) * ($C$2:$C$301=C81) * ($D$2:$D$301=D81) * ($F$2:$F$301=F81) * ($G$2:$G$301=G81) * ($H$2:$H$301=H81) * ($I$2:$I$301=I81) * ($J$2:$J$301=J81) * ($K$2:$K$301=K81) * ($E$2:$E$301<>"Evening"), ROW($E$2:$E$301)-ROW($E$2)+1, "" ), 1)), "Night" ) )} -> Day
A82: 2024-01-19 | B82: Pit C | C82: Seam 1 | D82: EX2500 | E82: Night | F82: 4201 | G82: 5551 | H82: 8.78 | I82: 0.88 | J82: 7.9 | K82: {=IF( ISNUMBER(DATEVALUE(A82)), TEXT(DATEVALUE(A82),"yyyy-mm-dd"), IFERROR( TEXT(INDEX($A$2:$A$301,MATCH(1, ($B$2:$B$301=B82) * ($C$2:$C$301=C82) * ($D$2:$D$301=D82) * ($E$2:$E$301=E82) * ($F$2:$F$301=F82) * ($G$2:$G$301=G82) * ($H$2:$H$301=H82) * ($I$2:$I$301=I82) * ($J$2:$J$301=J82),0)),"yyyy-mm-dd"), "Perlu Klarifikasi" ) )} -> 2024-01-19 | L82: {=IF( E82<>"Evening", E82, IFERROR( INDEX($E$2:$E$301, SMALL( IF( ($B$2:$B$301=B82) * ($C$2:$C$301=C82) * ($D$2:$D$301=D82) * ($F$2:$F$301=F82) * ($G$2:$G$301=G82) * ($H$2:$H$301=H82) * ($I$2:$I$301=I82) * ($J$2:$J$301=J82) * ($K$2:$K$301=K82) * ($E$2:$E$301<>"Evening"), ROW($E$2:$E$301)-ROW($E$2)+1, "" ), 1)), "Night" ) )} -> Night
A83: 2024-01-19 | B83: Pit C | C83: Seam 1 | D83: EX2500 | E83: Night | F83: 3700 | G83: 1372 | H83: 5.3 | I83: 0.91 | J83: 4.39 | K83: {=IF( ISNUMBER(DATEVALUE(A83)), TEXT(DATEVALUE(A83),"yyyy-mm-dd"), IFERROR( TEXT(INDEX($A$2:$A$301,MATCH(1, ($B$2:$B$301=B83) * ($C$2:$C$301=C83) * ($D$2:$D$301=D83) * ($E$2:$E$301=E83) * ($F$2:$F$301=F83) * ($G$2:$G$301=G83) * ($H$2:$H$301=H83) * ($I$2:$I$301=I83) * ($J$2:$J$301=J83),0)),"yyyy-mm-dd"), "Perlu Klarifikasi" ) )} -> 2024-01-19 | L83: {=IF( E83<>"Evening", E83, IFERROR( INDEX($E$2:$E$301, SMALL( IF( ($B$2:$B$301=B83) * ($C$2:$C$301=C83) * ($D$2:$D$301=D83) * ($F$2:$F$301=F83) * ($G$2:$G$301=G83) * ($H$2:$H$301=H83) * ($I$2:$I$301=I83) * ($J$2:$J$301=J83) * ($K$2:$K$301=K83) * ($E$2:$E$301<>"Evening"), ROW($E$2:$E$301)-ROW($E$2)+1, "" ), 1)), "Night" ) )} -> Night
A84: 2024-01-19 | B84: Pit C | C84: Seam 1 | D84: EX2500 | E84: Night | F84: 3700 | G84: 1372 | H84: 5.3 | I84: 0.91 | J84: 4.39 | K84: {=IF( ISNUMBER(DATEVALUE(A84)), TEXT(DATEVALUE(A84),"yyyy-mm-dd"), IFERROR( TEXT(INDEX($A$2:$A$301,MATCH(1, ($B$2:$B$301=B84) * ($C$2:$C$301=C84) * ($D$2:$D$301=D84) * ($E$2:$E$301=E84) * ($F$2:$F$301=F84) * ($G$2:$G$301=G84) * ($H$2:$H$301=H84) * ($I$2:$I$301=I84) * ($J$2:$J$301=J84),0)),"yyyy-mm-dd"), "Perlu Klarifikasi" ) )} -> 2024-01-19 | L84: {=IF( E84<>"Evening", E84, IFERROR( INDEX($E$2:$E$301, SMALL( IF( ($B$2:$B$301=B84) * ($C$2:$C$301=C84) * ($D$2:$D$301=D84) * ($F$2:$F$301=F84) * ($G$2:$G$301=G84) * ($H$2:$H$301=H84) * ($I$2:$I$301=I84) * ($J$2:$J$301=J84) * ($K$2:$K$301=K84) * ($E$2:$E$301<>"Evening"), ROW($E$2:$E$301)-ROW($E$2)+1, "" ), 1)), "Night" ) )} -> Night
A85: 2024-01-19 | B85: Pit C | C85: Seam 1 | D85: EX2500 | E85: Night | F85: 4201 | G85: 5551 | H85: 8.78 | I85: 0.88 | J85: 7.9 | K85: {=IF( ISNUMBER(DATEVALUE(A85)), TEXT(DATEVALUE(A85),"yyyy-mm-dd"), IFERROR( TEXT(INDEX($A$2:$A$301,MATCH(1, ($B$2:$B$301=B85) * ($C$2:$C$301=C85) * ($D$2:$D$301=D85) * ($E$2:$E$301=E85) * ($F$2:$F$301=F85) * ($G$2:$G$301=G85) * ($H$2:$H$301=H85) * ($I$2:$I$301=I85) * ($J$2:$J$301=J85),0)),"yyyy-mm-dd"), "Perlu Klarifikasi" ) )} -> 2024-01-19 | L85: {=IF( E85<>"Evening", E85, IFERROR( INDEX($E$2:$E$301, SMALL( IF( ($B$2:$B$301=B85) * ($C$2:$C$301=C85) * ($D$2:$D$301=D85) * ($F$2:$F$301=F85) * ($G$2:$G$301=G85) * ($H$2:$H$301=H85) * ($I$2:$I$301=I85) * ($J$2:$J$301=J85) * ($K$2:$K$301=K85) * ($E$2:$E$301<>"Evening"), ROW($E$2:$E$301)-ROW($E$2)+1, "" ), 1)), "Night" ) )} -> Night
A86: 2024-01-19 | B86: Pit B | C86: Seam 2 | D86: EX1200 | E86: Day | F86: 2340 | G86: 5815 | H86: 4 | I86: 0.9 | J86: 3.1 | K86: {=IF( ISNUMBER(DATEVALUE(A86)), TEXT(DATEVALUE(A86),"yyyy-mm-dd"), IFERROR( TEXT(INDEX($A$2:$A$301,MATCH(1, ($B$2:$B$301=B86) * ($C$2:$C$301=C86) * ($D$2:$D$301=D86) * ($E$2:$E$301=E86) * ($F$2:$F$301=F86) * ($G$2:$G$301=G86) * ($H$2:$H$301=H86) * ($I$2:$I$301=I86) * ($J$2:$J$301=J86),0)),"yyyy-mm-dd"), "Perlu Klarifikasi" ) )} -> 2024-01-19 | L86: {=IF( E86<>"Evening", E86, IFERROR( INDEX($E$2:$E$301, SMALL( IF( ($B$2:$B$301=B86) * ($C$2:$C$301=C86) * ($D$2:$D$301=D86) * ($F$2:$F$301=F86) * ($G$2:$G$301=G86) * ($H$2:$H$301=H86) * ($I$2:$I$301=I86) * ($J$2:$J$301=J86) * ($K$2:$K$301=K86) * ($E$2:$E$301<>"Evening"), ROW($E$2:$E$301)-ROW($E$2)+1, "" ), 1)), "Night" ) )} -> Day
A87: 2024-01-20 | B87: Pit A | C87: Seam 2 | D87: EX1200 | E87: Night | F87: 2608 | G87: 5513 | H87: 5.5 | I87: 0.89 | J87: 4.61 | K87: {=IF( ISNUMBER(DATEVALUE(A87)), TEXT(DATEVALUE(A87),"yyyy-mm-dd"), IFERROR( TEXT(INDEX($A$2:$A$301,MATCH(1, ($B$2:$B$301=B87) * ($C$2:$C$301=C87) * ($D$2:$D$301=D87) * ($E$2:$E$301=E87) * ($F$2:$F$301=F87) * ($G$2:$G$301=G87) * ($H$2:$H$301=H87) * ($I$2:$I$301=I87) * ($J$2:$J$301=J87),0)),"yyyy-mm-dd"), "Perlu Klarifikasi" ) )} -> 2024-01-20 | L87: {=IF( E87<>"Evening", E87, IFERROR( INDEX($E$2:$E$301, SMALL( IF( ($B$2:$B$301=B87) * ($C$2:$C$301=C87) * ($D$2:$D$301=D87) * ($F$2:$F$301=F87) * ($G$2:$G$301=G87) * ($H$2:$H$301=H87) * ($I$2:$I$301=I87) * ($J$2:$J$301=J87) * ($K$2:$K$301=K87) * ($E$2:$E$301<>"Evening"), ROW($E$2:$E$301)-ROW($E$2)+1, "" ), 1)), "Night" ) )} -> Night
... A96: 2024-01-24 | B96: Pit C | C96: Seam 3 | D96: EX1100 | E96: Day | F96: 2855 | G96: 4934 | H96: 6.41 | I96: 0.85 | J96: 5.56 | K96: {=IF( ISNUMBER(DATEVALUE(A96)), TEXT(DATEVALUE(A96),"yyyy-mm-dd"), IFERROR( TEXT(INDEX($A$2:$A$301,MATCH(1, ($B$2:$B$301=B96) * ($C$2:$C$301=C96) * ($D$2:$D$301=D96) * ($E$2:$E$301=E96) * ($F$2:$F$301=F96) * ($G$2:$G$301=G96) * ($H$2:$H$301=H96) * ($I$2:$I$301=I96) * ($J$2:$J$301=J96),0)),"yyyy-mm-dd"), "Perlu Klarifikasi" ) )} -> 2024-01-24 | L96: {=IF( E96<>"Evening", E96, IFERROR( INDEX($E$2:$E$301, SMALL( IF( ($B$2:$B$301=B96) * ($C$2:$C$301=C96) * ($D$2:$D$301=D96) * ($F$2:$F$301=F96) * ($G$2:$G$301=G96) * ($H$2:$H$301=H96) * ($I$2:$I$301=I96) * ($J$2:$J$301=J96) * ($K$2:$K$301=K96) * ($E$2:$E$301<>"Evening"), ROW($E$2:$E$301)-ROW($E$2)+1, "" ), 1)), "Night" ) )} -> Day
A97: 2024-01-25 | B97: Pit B | C97: Seam 2 | D97: {=IF( Produksi!D93<>"", Produksi!D93, IFERROR( INDEX($D$2:$D$301, MATCH(1, ($B$2:$B$301=Produksi!B93) * ($C$2:$C$301=Produksi!C93) * ($E$2:$E$301=Produksi!E93), 0)), "Perlu Klarifikasi") )} -> EX2500 | E97: Day | F97: 6106 | G97: 4221 | H97: 8.32 | I97: 1.94 | J97: 6.38 | K97: {=IF( ISNUMBER(DATEVALUE(A97)), TEXT(DATEVALUE(A97),"yyyy-mm-dd"), IFERROR( TEXT(INDEX($A$2:$A$301,MATCH(1, ($B$2:$B$301=B97) * ($C$2:$C$301=C97) * ($D$2:$D$301=D97) * ($E$2:$E$301=E97) * ($F$2:$F$301=F97) * ($G$2:$G$301=G97) * ($H$2:$H$301=H97) * ($I$2:$I$301=I97) * ($J$2:$J$301=J97),0)),"yyyy-mm-dd"), "Perlu Klarifikasi" ) )} -> 2024-01-25 | L97: {=IF( E97<>"Evening", E97, IFERROR( INDEX($E$2:$E$301, SMALL( IF( ($B$2:$B$301=B97) * ($C$2:$C$301=C97) * ($D$2:$D$301=D97) * ($F$2:$F$301=F97) * ($G$2:$G$301=G97) * ($H$2:$H$301=H97) * ($I$2:$I$301=I97) * ($J$2:$J$301=J97) * ($K$2:$K$301=K97) * ($E$2:$E$301<>"Evening"), ROW($E$2:$E$301)-ROW($E$2)+1, "" ), 1)), "Night" ) )} -> Day
A98: 2024-01-25 | B98: Pit B | C98: Seam 2 | D98: EX2500 | E98: Day | F98: 6106 | G98: 4221 | H98: 8.32 | I98: 1.94 | J98: 6.38 | K98: {=IF( ISNUMBER(DATEVALUE(A98)), TEXT(DATEVALUE(A98),"yyyy-mm-dd"), IFERROR( TEXT(INDEX($A$2:$A$301,MATCH(1, ($B$2:$B$301=B98) * ($C$2:$C$301=C98) * ($D$2:$D$301=D98) * ($E$2:$E$301=E98) * ($F$2:$F$301=F98) * ($G$2:$G$301=G98) * ($H$2:$H$301=H98) * ($I$2:$I$301=I98) * ($J$2:$J$301=J98),0)),"yyyy-mm-dd"), "Perlu Klarifikasi" ) )} -> 2024-01-25 | L98: {=IF( E98<>"Evening", E98, IFERROR( INDEX($E$2:$E$301, SMALL( IF( ($B$2:$B$301=B98) * ($C$2:$C$301=C98) * ($D$2:$D$301=D98) * ($F$2:$F$301=F98) * ($G$2:$G$301=G98) * ($H$2:$H$301=H98) * ($I$2:$I$301=I98) * ($J$2:$J$301=J98) * ($K$2:$K$301=K98) * ($E$2:$E$301<>"Evening"), ROW($E$2:$E$301)-ROW($E$2)+1, "" ), 1)), "Night" ) )} -> Day
A99: 2024-01-25 | B99: Pit C | C99: Seam 3 | D99: EX2500 | E99: Night | F99: 6073 | G99: 3081 | H99: 4.07 | I99: 1.22 | J99: 2.85 | K99: {=IF( ISNUMBER(DATEVALUE(A99)), TEXT(DATEVALUE(A99),"yyyy-mm-dd"), IFERROR( TEXT(INDEX($A$2:$A$301,MATCH(1, ($B$2:$B$301=B99) * ($C$2:$C$301=C99) * ($D$2:$D$301=D99) * ($E$2:$E$301=E99) * ($F$2:$F$301=F99) * ($G$2:$G$301=G99) * ($H$2:$H$301=H99) * ($I$2:$I$301=I99) * ($J$2:$J$301=J99),0)),"yyyy-mm-dd"), "Perlu Klarifikasi" ) )} -> 2024-01-25 | L99: {=IF( E99<>"Evening", E99, IFERROR( INDEX($E$2:$E$301, SMALL( IF( ($B$2:$B$301=B99) * ($C$2:$C$301=C99) * ($D$2:$D$301=D99) * ($F$2:$F$301=F99) * ($G$2:$G$301=G99) * ($H$2:$H$301=H99) * ($I$2:$I$301=I99) * ($J$2:$J$301=J99) * ($K$2:$K$301=K99) * ($E$2:$E$301<>"Evening"), ROW($E$2:$E$301)-ROW($E$2)+1, "" ), 1)), "Night" ) )} -> Night
A100: 2024-01-26 | B100: Pit B | C100: Seam 3 | D100: EX2500 | E100: Day | F100: 7956 | G100: 1862 | H100: 9.42 | I100: 0.59 | J100: 8.83 | K100: {=IF( ISNUMBER(DATEVALUE(A100)), TEXT(DATEVALUE(A100),"yyyy-mm-dd"), IFERROR( TEXT(INDEX($A$2:$A$301,MATCH(1, ($B$2:$B$301=B100) * ($C$2:$C$301=C100) * ($D$2:$D$301=D100) * ($E$2:$E$301=E100) * ($F$2:$F$301=F100) * ($G$2:$G$301=G100) * ($H$2:$H$301=H100) * ($I$2:$I$301=I100) * ($J$2:$J$301=J100),0)),"yyyy-mm-dd"), "Perlu Klarifikasi" ) )} -> 2024-01-26 | L100: {=IF( E100<>"Evening", E100, IFERROR( INDEX($E$2:$E$301, SMALL( IF( ($B$2:$B$301=B100) * ($C$2:$C$301=C100) * ($D$2:$D$301=D100) * ($F$2:$F$301=F100) * ($G$2:$G$301=G100) * ($H$2:$H$301=H100) * ($I$2:$I$301=I100) * ($J$2:$J$301=J100) * ($K$2:$K$301=K100) * ($E$2:$E$301<>"Evening"), ROW($E$2:$E$301)-ROW($E$2)+1, "" ), 1)), "Night" ) )} -> Day
A101: 2024-01-26 | B101: Pit B | C101: Seam 3 | D101: EX2500 | E101: Day | F101: 7956 | G101: 1862 | H101: 9.42 | I101: 0.59 | J101: 8.83 | K101: {=IF( ISNUMBER(DATEVALUE(A101)), TEXT(DATEVALUE(A101),"yyyy-mm-dd"), IFERROR( TEXT(INDEX($A$2:$A$301,MATCH(1, ($B$2:$B$301=B101) * ($C$2:$C$301=C101) * ($D$2:$D$301=D101) * ($E$2:$E$301=E101) * ($F$2:$F$301=F101) * ($G$2:$G$301=G101) * ($H$2:$H$301=H101) * ($I$2:$I$301=I101) * ($J$2:$J$301=J101),0)),"yyyy-mm-dd"), "Perlu Klarifikasi" ) )} -> 2024-01-26 | L101: {=IF( E101<>"Evening", E101, IFERROR( INDEX($E$2:$E$301, SMALL( IF( ($B$2:$B$301=B101) * ($C$2:$C$301=C101) * ($D$2:$D$301=D101) * ($F$2:$F$301=F101) * ($G$2:$G$301=G101) * ($H$2:$H$301=H101) * ($I$2:$I$301=I101) * ($J$2:$J$301=J101) * ($K$2:$K$301=K101) * ($E$2:$E$301<>"Evening"), ROW($E$2:$E$301)-ROW($E$2)+1, "" ), 1)), "Night" ) )} -> Day
A102: 2024-01-26 | B102: Pit B | C102: Seam 3 | D102: EX1100 | E102: Night | F102: 4811 | G102: 6781 | H102: 4.11 | I102: 0.7 | J102: 3.41 | K102: {=IF( ISNUMBER(DATEVALUE(A102)), TEXT(DATEVALUE(A102),"yyyy-mm-dd"), IFERROR( TEXT(INDEX($A$2:$A$301,MATCH(1, ($B$2:$B$301=B102) * ($C$2:$C$301=C102) * ($D$2:$D$301=D102) * ($E$2:$E$301=E102) * ($F$2:$F$301=F102) * ($G$2:$G$301=G102) * ($H$2:$H$301=H102) * ($I$2:$I$301=I102) * ($J$2:$J$301=J102),0)),"yyyy-mm-dd"), "Perlu Klarifikasi" ) )} -> 2024-01-26 | L102: {=IF( E102<>"Evening", E102, IFERROR( INDEX($E$2:$E$301, SMALL( IF( ($B$2:$B$301=B102) * ($C$2:$C$301=C102) * ($D$2:$D$301=D102) * ($F$2:$F$301=F102) * ($G$2:$G$301=G102) * ($H$2:$H$301=H102) * ($I$2:$I$301=I102) * ($J$2:$J$301=J102) * ($K$2:$K$301=K102) * ($E$2:$E$301<>"Evening"), ROW($E$2:$E$301)-ROW($E$2)+1, "" ), 1)), "Night" ) )} -> Night
A103: 2024-01-26 | B103: Pit B | C103: Seam 3 | D103: EX1100 | E103: Evening | F103: 4811 | G103: 6781 | H103: 4.11 | I103: 0.7 | J103: 3.41 | K103: {=IF( ISNUMBER(DATEVALUE(A103)), TEXT(DATEVALUE(A103),"yyyy-mm-dd"), IFERROR( TEXT(INDEX($A$2:$A$301,MATCH(1, ($B$2:$B$301=B103) * ($C$2:$C$301=C103) * ($D$2:$D$301=D103) * ($E$2:$E$301=E103) * ($F$2:$F$301=F103) * ($G$2:$G$301=G103) * ($H$2:$H$301=H103) * ($I$2:$I$301=I103) * ($J$2:$J$301=J103),0)),"yyyy-mm-dd"), "Perlu Klarifikasi" ) )} -> 2024-01-26 | L103: {=IF( E103<>"Evening", E103, IFERROR( INDEX($E$2:$E$301, SMALL( IF( ($B$2:$B$301=B103) * ($C$2:$C$301=C103) * ($D$2:$D$301=D103) * ($F$2:$F$301=F103) * ($G$2:$G$301=G103) * ($H$2:$H$301=H103) * ($I$2:$I$301=I103) * ($J$2:$J$301=J103) * ($K$2:$K$301=K103) * ($E$2:$E$301<>"Evening"), ROW($E$2:$E$301)-ROW($E$2)+1, "" ), 1)), "Night" ) )} -> Night
A104: 2024-01-26 | B104: Pit B | C104: Seam 3 | D104: EX1100 | E104: Night | F104: 4811 | G104: 6781 | H104: 4.11 | I104: 0.7 | J104: 3.41 | K104: {=IF( ISNUMBER(DATEVALUE(A104)), TEXT(DATEVALUE(A104),"yyyy-mm-dd"), IFERROR( TEXT(INDEX($A$2:$A$301,MATCH(1, ($B$2:$B$301=B104) * ($C$2:$C$301=C104) * ($D$2:$D$301=D104) * ($E$2:$E$301=E104) * ($F$2:$F$301=F104) * ($G$2:$G$301=G104) * ($H$2:$H$301=H104) * ($I$2:$I$301=I104) * ($J$2:$J$301=J104),0)),"yyyy-mm-dd"), "Perlu Klarifikasi" ) )} -> 2024-01-26 | L104: {=IF( E104<>"Evening", E104, IFERROR( INDEX($E$2:$E$301, SMALL( IF( ($B$2:$B$301=B104) * ($C$2:$C$301=C104) * ($D$2:$D$301=D104) * ($F$2:$F$301=F104) * ($G$2:$G$301=G104) * ($H$2:$H$301=H104) * ($I$2:$I$301=I104) * ($J$2:$J$301=J104) * ($K$2:$K$301=K104) * ($E$2:$E$301<>"Evening"), ROW($E$2:$E$301)-ROW($E$2)+1, "" ), 1)), "Night" ) )} -> Night
A105: 2024-01-26 | B105: Pit B | C105: Seam 2 | D105: EX2500 | E105: Night | F105: 7640 | G105: 2928 | H105: 7.8 | I105: 0.93 | J105: 6.87 | K105: {=IF( ISNUMBER(DATEVALUE(A105)), TEXT(DATEVALUE(A105),"yyyy-mm-dd"), IFERROR( TEXT(INDEX($A$2:$A$301,MATCH(1, ($B$2:$B$301=B105) * ($C$2:$C$301=C105) * ($D$2:$D$301=D105) * ($E$2:$E$301=E105) * ($F$2:$F$301=F105) * ($G$2:$G$301=G105) * ($H$2:$H$301=H105) * ($I$2:$I$301=I105) * ($J$2:$J$301=J105),0)),"yyyy-mm-dd"), "Perlu Klarifikasi" ) )} -> 2024-01-26 | L105: {=IF( E105<>"Evening", E105, IFERROR( INDEX($E$2:$E$301, SMALL( IF( ($B$2:$B$301=B105) * ($C$2:$C$301=C105) * ($D$2:$D$301=D105) * ($F$2:$F$301=F105) * ($G$2:$G$301=G105) * ($H$2:$H$301=H105) * ($I$2:$I$301=I105) * ($J$2:$J$301=J105) * ($K$2:$K$301=K105) * ($E$2:$E$301<>"Evening"), ROW($E$2:$E$301)-ROW($E$2)+1, "" ), 1)), "Night" ) )} -> Night
A106: 2024-01-26 | B106: Pit B | C106: Seam 2 | D106: EX2500 | E106: Night | F106: 7640 | G106: 2928 | H106: 7.8 | I106: 0.93 | J106: 6.87 | K106: {=IF( ISNUMBER(DATEVALUE(A106)), TEXT(DATEVALUE(A106),"yyyy-mm-dd"), IFERROR( TEXT(INDEX($A$2:$A$301,MATCH(1, ($B$2:$B$301=B106) * ($C$2:$C$301=C106) * ($D$2:$D$301=D106) * ($E$2:$E$301=E106) * ($F$2:$F$301=F106) * ($G$2:$G$301=G106) * ($H$2:$H$301=H106) * ($I$2:$I$301=I106) * ($J$2:$J$301=J106),0)),"yyyy-mm-dd"), "Perlu Klarifikasi" ) )} -> 2024-01-26 | L106: {=IF( E106<>"Evening", E106, IFERROR( INDEX($E$2:$E$301, SMALL( IF( ($B$2:$B$301=B106) * ($C$2:$C$301=C106) * ($D$2:$D$301=D106) * ($F$2:$F$301=F106) * ($G$2:$G$301=G106) * ($H$2:$H$301=H106) * ($I$2:$I$301=I106) * ($J$2:$J$301=J106) * ($K$2:$K$301=K106) * ($E$2:$E$301<>"Evening"), ROW($E$2:$E$301)-ROW($E$2)+1, "" ), 1)), "Night" ) )} -> Night
A107: 2024-01-27 | B107: Pit A | C107: Seam 2 | D107: EX1200 | E107: Night | F107: 3761 | G107: 658 | H107: 9.94 | I107: 1.99 | J107: 7.95 | K107: {=IF( ISNUMBER(DATEVALUE(A107)), TEXT(DATEVALUE(A107),"yyyy-mm-dd"), IFERROR( TEXT(INDEX($A$2:$A$301,MATCH(1, ($B$2:$B$301=B107) * ($C$2:$C$301=C107) * ($D$2:$D$301=D107) * ($E$2:$E$301=E107) * ($F$2:$F$301=F107) * ($G$2:$G$301=G107) * ($H$2:$H$301=H107) * ($I$2:$I$301=I107) * ($J$2:$J$301=J107),0)),"yyyy-mm-dd"), "Perlu Klarifikasi" ) )} -> 2024-01-27 | L107: {=IF( E107<>"Evening", E107, IFERROR( INDEX($E$2:$E$301, SMALL( IF( ($B$2:$B$301=B107) * ($C$2:$C$301=C107) * ($D$2:$D$301=D107) * ($F$2:$F$301=F107) * ($G$2:$G$301=G107) * ($H$2:$H$301=H107) * ($I$2:$I$301=I107) * ($J$2:$J$301=J107) * ($K$2:$K$301=K107) * ($E$2:$E$301<>"Evening"), ROW($E$2:$E$301)-ROW($E$2)+1, "" ), 1)), "Night" ) )} -> Night
A108: 2024-01-27 | B108: Pit A | C108: Seam 2 | D108: EX1200 | E108: Evening | F108: 3761 | G108: 658 | H108: 9.94 | I108: 1.99 | J108: 7.95 | K108: {=IF( ISNUMBER(DATEVALUE(A108)), TEXT(DATEVALUE(A108),"yyyy-mm-dd"), IFERROR( TEXT(INDEX($A$2:$A$301,MATCH(1, ($B$2:$B$301=B108) * ($C$2:$C$301=C108) * ($D$2:$D$301=D108) * ($E$2:$E$301=E108) * ($F$2:$F$301=F108) * ($G$2:$G$301=G108) * ($H$2:$H$301=H108) * ($I$2:$I$301=I108) * ($J$2:$J$301=J108),0)),"yyyy-mm-dd"), "Perlu Klarifikasi" ) )} -> 2024-01-27 | L108: {=IF( E108<>"Evening", E108, IFERROR( INDEX($E$2:$E$301, SMALL( IF( ($B$2:$B$301=B108) * ($C$2:$C$301=C108) * ($D$2:$D$301=D108) * ($F$2:$F$301=F108) * ($G$2:$G$301=G108) * ($H$2:$H$301=H108) * ($I$2:$I$301=I108) * ($J$2:$J$301=J108) * ($K$2:$K$301=K108) * ($E$2:$E$301<>"Evening"), ROW($E$2:$E$301)-ROW($E$2)+1, "" ), 1)), "Night" ) )} -> Night
A109: 2024-01-27 | B109: Pit A | C109: Seam 2 | D109: EX1200 | E109: Night | F109: 8898 | G109: 6758 | H109: 4.04 | I109: 1.89 | J109: 2.15 | K109: {=IF( ISNUMBER(DATEVALUE(A109)), TEXT(DATEVALUE(A109),"yyyy-mm-dd"), IFERROR( TEXT(INDEX($A$2:$A$301,MATCH(1, ($B$2:$B$301=B109) * ($C$2:$C$301=C109) * ($D$2:$D$301=D109) * ($E$2:$E$301=E109) * ($F$2:$F$301=F109) * ($G$2:$G$301=G109) * ($H$2:$H$301=H109) * ($I$2:$I$301=I109) * ($J$2:$J$301=J109),0)),"yyyy-mm-dd"), "Perlu Klarifikasi" ) )} -> 2024-01-27 | L109: {=IF( E109<>"Evening", E109, IFERROR( INDEX($E$2:$E$301, SMALL( IF( ($B$2:$B$301=B109) * ($C$2:$C$301=C109) * ($D$2:$D$301=D109) * ($F$2:$F$301=F109) * ($G$2:$G$301=G109) * ($H$2:$H$301=H109) * ($I$2:$I$301=I109) * ($J$2:$J$301=J109) * ($K$2:$K$301=K109) * ($E$2:$E$301<>"Evening"), ROW($E$2:$E$301)-ROW($E$2)+1, "" ), 1)), "Night" ) )} -> Night
... A124: 2024-01-31 | B124: Pit B | C124: Seam 3 | D124: EX1200 | E124: Night | F124: 359 | G124: 1439 | H124: 6.72 | I124: 0.56 | J124: 6.16 | K124: {=IF( ISNUMBER(DATEVALUE(A124)), TEXT(DATEVALUE(A124),"yyyy-mm-dd"), IFERROR( TEXT(INDEX($A$2:$A$301,MATCH(1, ($B$2:$B$301=B124) * ($C$2:$C$301=C124) * ($D$2:$D$301=D124) * ($E$2:$E$301=E124) * ($F$2:$F$301=F124) * ($G$2:$G$301=G124) * ($H$2:$H$301=H124) * ($I$2:$I$301=I124) * ($J$2:$J$301=J124),0)),"yyyy-mm-dd"), "Perlu Klarifikasi" ) )} -> 2024-01-31 | L124: {=IF( E124<>"Evening", E124, IFERROR( INDEX($E$2:$E$301, SMALL( IF( ($B$2:$B$301=B124) * ($C$2:$C$301=C124) * ($D$2:$D$301=D124) * ($F$2:$F$301=F124) * ($G$2:$G$301=G124) * ($H$2:$H$301=H124) * ($I$2:$I$301=I124) * ($J$2:$J$301=J124) * ($K$2:$K$301=K124) * ($E$2:$E$301<>"Evening"), ROW($E$2:$E$301)-ROW($E$2)+1, "" ), 1)), "Night" ) )} -> Night
A125: 2024/13/40 | B125: Pit B | C125: Seam 3 | D125: EX1200 | E125: Night | F125: 1823 | G125: 5292 | H125: 7.1 | I125: 0.34 | J125: 6.76 | K125: {=TEXT( MEDIAN( IF( ($B$2:$B$301=B125) * ($C$2:$C$301=C125) * ($D$2:$D$301=D125) * ($E$2:$E$301=E125) * ISNUMBER(DATEVALUE($A$2:$A$301)), DATEVALUE($A$2:$A$301) ) ), "yyyy-mm-dd" )} -> 2024-01-31 | L125: {=IF( E125<>"Evening", E125, IFERROR( INDEX($E$2:$E$301, SMALL( IF( ($B$2:$B$301=B125) * ($C$2:$C$301=C125) * ($D$2:$D$301=D125) * ($F$2:$F$301=F125) * ($G$2:$G$301=G125) * ($H$2:$H$301=H125) * ($I$2:$I$301=I125) * ($J$2:$J$301=J125) * ($K$2:$K$301=K125) * ($E$2:$E$301<>"Evening"), ROW($E$2:$E$301)-ROW($E$2)+1, "" ), 1)), "Night" ) )} -> Night
A126: 2024-02-03 | B126: Pit C | C126: Seam 2 | D126: EX2500 | E126: Day | F126: 370 | G126: 4190 | H126: 5.74 | I126: 1.6 | J126: 4.14 | K126: {=IF( ISNUMBER(DATEVALUE(A126)), TEXT(DATEVALUE(A126),"yyyy-mm-dd"), IFERROR( TEXT(INDEX($A$2:$A$301,MATCH(1, ($B$2:$B$301=B126) * ($C$2:$C$301=C126) * ($D$2:$D$301=D126) * ($E$2:$E$301=E126) * ($F$2:$F$301=F126) * ($G$2:$G$301=G126) * ($H$2:$H$301=H126) * ($I$2:$I$301=I126) * ($J$2:$J$301=J126),0)),"yyyy-mm-dd"), "Perlu Klarifikasi" ) )} -> 2024-02-03 | L126: {=IF( E126<>"Evening", E126, IFERROR( INDEX($E$2:$E$301, SMALL( IF( ($B$2:$B$301=B126) * ($C$2:$C$301=C126) * ($D$2:$D$301=D126) * ($F$2:$F$301=F126) * ($G$2:$G$301=G126) * ($H$2:$H$301=H126) * ($I$2:$I$301=I126) * ($J$2:$J$301=J126) * ($K$2:$K$301=K126) * ($E$2:$E$301<>"Evening"), ROW($E$2:$E$301)-ROW($E$2)+1, "" ), 1)), "Night" ) )} -> Day
A127: 2024-02-03 | B127: Pit C | C127: Seam 2 | D127: EX2500 | E127: Day | F127: 370 | G127: 4190 | H127: 5.74 | I127: 1.6 | J127: 4.14 | K127: {=IF( ISNUMBER(DATEVALUE(A127)), TEXT(DATEVALUE(A127),"yyyy-mm-dd"), IFERROR( TEXT(INDEX($A$2:$A$301,MATCH(1, ($B$2:$B$301=B127) * ($C$2:$C$301=C127) * ($D$2:$D$301=D127) * ($E$2:$E$301=E127) * ($F$2:$F$301=F127) * ($G$2:$G$301=G127) * ($H$2:$H$301=H127) * ($I$2:$I$301=I127) * ($J$2:$J$301=J127),0)),"yyyy-mm-dd"), "Perlu Klarifikasi" ) )} -> 2024-02-03 | L127: {=IF( E127<>"Evening", E127, IFERROR( INDEX($E$2:$E$301, SMALL( IF( ($B$2:$B$301=B127) * ($C$2:$C$301=C127) * ($D$2:$D$301=D127) * ($F$2:$F$301=F127) * ($G$2:$G$301=G127) * ($H$2:$H$301=H127) * ($I$2:$I$301=I127) * ($J$2:$J$301=J127) * ($K$2:$K$301=K127) * ($E$2:$E$301<>"Evening"), ROW($E$2:$E$301)-ROW($E$2)+1, "" ), 1)), "Night" ) )} -> Day
A128: 2024-02-03 | B128: Pit A | C128: Seam 2 | D128: EX1100 | E128: Night | F128: 502 | G128: 4102 | H128: 5.37 | I128: 0.34 | J128: 5.03 | K128: {=IF( ISNUMBER(DATEVALUE(A128)), TEXT(DATEVALUE(A128),"yyyy-mm-dd"), IFERROR( TEXT(INDEX($A$2:$A$301,MATCH(1, ($B$2:$B$301=B128) * ($C$2:$C$301=C128) * ($D$2:$D$301=D128) * ($E$2:$E$301=E128) * ($F$2:$F$301=F128) * ($G$2:$G$301=G128) * ($H$2:$H$301=H128) * ($I$2:$I$301=I128) * ($J$2:$J$301=J128),0)),"yyyy-mm-dd"), "Perlu Klarifikasi" ) )} -> 2024-02-03 | L128: {=IF( E128<>"Evening", E128, IFERROR( INDEX($E$2:$E$301, SMALL( IF( ($B$2:$B$301=B128) * ($C$2:$C$301=C128) * ($D$2:$D$301=D128) * ($F$2:$F$301=F128) * ($G$2:$G$301=G128) * ($H$2:$H$301=H128) * ($I$2:$I$301=I128) * ($J$2:$J$301=J128) * ($K$2:$K$301=K128) * ($E$2:$E$301<>"Evening"), ROW($E$2:$E$301)-ROW($E$2)+1, "" ), 1)), "Night" ) )} -> Night
A129: 2024/13/40 | B129: Pit A | C129: Seam 2 | D129: EX1100 | E129: Night | F129: 502 | G129: 4102 | H129: 5.37 | I129: 0.34 | J129: 5.03 | K129: {=IF( ISNUMBER(DATEVALUE(A129)), TEXT(DATEVALUE(A129),"yyyy-mm-dd"), IFERROR( TEXT(INDEX($A$2:$A$301,MATCH(1, ($B$2:$B$301=B129) * ($C$2:$C$301=C129) * ($D$2:$D$301=D129) * ($E$2:$E$301=E129) * ($F$2:$F$301=F129) * ($G$2:$G$301=G129) * ($H$2:$H$301=H129) * ($I$2:$I$301=I129) * ($J$2:$J$301=J129),0)),"yyyy-mm-dd"), "Perlu Klarifikasi" ) )} -> 2024-02-03 | L129: {=IF( E129<>"Evening", E129, IFERROR( INDEX($E$2:$E$301, SMALL( IF( ($B$2:$B$301=B129) * ($C$2:$C$301=C129) * ($D$2:$D$301=D129) * ($F$2:$F$301=F129) * ($G$2:$G$301=G129) * ($H$2:$H$301=H129) * ($I$2:$I$301=I129) * ($J$2:$J$301=J129) * ($K$2:$K$301=K129) * ($E$2:$E$301<>"Evening"), ROW($E$2:$E$301)-ROW($E$2)+1, "" ), 1)), "Night" ) )} -> Night
A130: 2024-02-04 | B130: Pit B | C130: Seam 1 | D130: EX1200 | E130: Evening | F130: 5695 | G130: 2158 | H130: 9.13 | I130: 0.94 | J130: 8.19 | K130: {=IF( ISNUMBER(DATEVALUE(A130)), TEXT(DATEVALUE(A130),"yyyy-mm-dd"), IFERROR( TEXT(INDEX($A$2:$A$301,MATCH(1, ($B$2:$B$301=B130) * ($C$2:$C$301=C130) * ($D$2:$D$301=D130) * ($E$2:$E$301=E130) * ($F$2:$F$301=F130) * ($G$2:$G$301=G130) * ($H$2:$H$301=H130) * ($I$2:$I$301=I130) * ($J$2:$J$301=J130),0)),"yyyy-mm-dd"), "Perlu Klarifikasi" ) )} -> 2024-02-04 | L130: {=IF( E130<>"Evening", E130, IFERROR( INDEX($E$2:$E$301, SMALL( IF( ($B$2:$B$301=B130) * ($C$2:$C$301=C130) * ($D$2:$D$301=D130) * ($F$2:$F$301=F130) * ($G$2:$G$301=G130) * ($H$2:$H$301=H130) * ($I$2:$I$301=I130) * ($J$2:$J$301=J130) * ($K$2:$K$301=K130) * ($E$2:$E$301<>"Evening"), ROW($E$2:$E$301)-ROW($E$2)+1, "" ), 1)), "Night" ) )} -> Night
A131: 2024-02-04 | B131: Pit B | C131: Seam 2 | D131: EX2500 | E131: Night | F131: 173 | G131: 1404 | H131: 5.4 | I131: 1.41 | J131: 3.99 | K131: {=IF( ISNUMBER(DATEVALUE(A131)), TEXT(DATEVALUE(A131),"yyyy-mm-dd"), IFERROR( TEXT(INDEX($A$2:$A$301,MATCH(1, ($B$2:$B$301=B131) * ($C$2:$C$301=C131) * ($D$2:$D$301=D131) * ($E$2:$E$301=E131) * ($F$2:$F$301=F131) * ($G$2:$G$301=G131) * ($H$2:$H$301=H131) * ($I$2:$I$301=I131) * ($J$2:$J$301=J131),0)),"yyyy-mm-dd"), "Perlu Klarifikasi" ) )} -> 2024-02-04 | L131: {=IF( E131<>"Evening", E131, IFERROR( INDEX($E$2:$E$301, SMALL( IF( ($B$2:$B$301=B131) * ($C$2:$C$301=C131) * ($D$2:$D$301=D131) * ($F$2:$F$301=F131) * ($G$2:$G$301=G131) * ($H$2:$H$301=H131) * ($I$2:$I$301=I131) * ($J$2:$J$301=J131) * ($K$2:$K$301=K131) * ($E$2:$E$301<>"Evening"), ROW($E$2:$E$301)-ROW($E$2)+1, "" ), 1)), "Night" ) )} -> Night
A132: 2024-02-04 | B132: Pit B | C132: Seam 2 | D132: EX2500 | E132: Night | F132: 173 | G132: 1404 | H132: 5.4 | I132: 1.41 | J132: 3.99 | K132: {=IF( ISNUMBER(DATEVALUE(A132)), TEXT(DATEVALUE(A132),"yyyy-mm-dd"), IFERROR( TEXT(INDEX($A$2:$A$301,MATCH(1, ($B$2:$B$301=B132) * ($C$2:$C$301=C132) * ($D$2:$D$301=D132) * ($E$2:$E$301=E132) * ($F$2:$F$301=F132) * ($G$2:$G$301=G132) * ($H$2:$H$301=H132) * ($I$2:$I$301=I132) * ($J$2:$J$301=J132),0)),"yyyy-mm-dd"), "Perlu Klarifikasi" ) )} -> 2024-02-04 | L132: {=IF( E132<>"Evening", E132, IFERROR( INDEX($E$2:$E$301, SMALL( IF( ($B$2:$B$301=B132) * ($C$2:$C$301=C132) * ($D$2:$D$301=D132) * ($F$2:$F$301=F132) * ($G$2:$G$301=G132) * ($H$2:$H$301=H132) * ($I$2:$I$301=I132) * ($J$2:$J$301=J132) * ($K$2:$K$301=K132) * ($E$2:$E$301<>"Evening"), ROW($E$2:$E$301)-ROW($E$2)+1, "" ), 1)), "Night" ) )} -> Night
A133: 2024-02-04 | B133: Pit B | C133: Seam 1 | D133: EX1200 | E133: Evening | F133: 5695 | G133: 2158 | H133: 9.13 | I133: 0.94 | J133: 8.19 | K133: {=IF( ISNUMBER(DATEVALUE(A133)), TEXT(DATEVALUE(A133),"yyyy-mm-dd"), IFERROR( TEXT(INDEX($A$2:$A$301,MATCH(1, ($B$2:$B$301=B133) * ($C$2:$C$301=C133) * ($D$2:$D$301=D133) * ($E$2:$E$301=E133) * ($F$2:$F$301=F133) * ($G$2:$G$301=G133) * ($H$2:$H$301=H133) * ($I$2:$I$301=I133) * ($J$2:$J$301=J133),0)),"yyyy-mm-dd"), "Perlu Klarifikasi" ) )} -> 2024-02-04 | L133: {=IF( E133<>"Evening", E133, IFERROR( INDEX($E$2:$E$301, SMALL( IF( ($B$2:$B$301=B133) * ($C$2:$C$301=C133) * ($D$2:$D$301=D133) * ($F$2:$F$301=F133) * ($G$2:$G$301=G133) * ($H$2:$H$301=H133) * ($I$2:$I$301=I133) * ($J$2:$J$301=J133) * ($K$2:$K$301=K133) * ($E$2:$E$301<>"Evening"), ROW($E$2:$E$301)-ROW($E$2)+1, "" ), 1)), "Night" ) )} -> Night
A134: 2024-02-04 | B134: Pit C | C134: Seam 3 | D134: EX1100 | E134: Day | F134: 1744 | G134: 3799 | H134: 5.48 | I134: 0.44 | J134: 5.04 | K134: {=IF( ISNUMBER(DATEVALUE(A134)), TEXT(DATEVALUE(A134),"yyyy-mm-dd"), IFERROR( TEXT(INDEX($A$2:$A$301,MATCH(1, ($B$2:$B$301=B134) * ($C$2:$C$301=C134) * ($D$2:$D$301=D134) * ($E$2:$E$301=E134) * ($F$2:$F$301=F134) * ($G$2:$G$301=G134) * ($H$2:$H$301=H134) * ($I$2:$I$301=I134) * ($J$2:$J$301=J134),0)),"yyyy-mm-dd"), "Perlu Klarifikasi" ) )} -> 2024-02-04 | L134: {=IF( E134<>"Evening", E134, IFERROR( INDEX($E$2:$E$301, SMALL( IF( ($B$2:$B$301=B134) * ($C$2:$C$301=C134) * ($D$2:$D$301=D134) * ($F$2:$F$301=F134) * ($G$2:$G$301=G134) * ($H$2:$H$301=H134) * ($I$2:$I$301=I134) * ($J$2:$J$301=J134) * ($K$2:$K$301=K134) * ($E$2:$E$301<>"Evening"), ROW($E$2:$E$301)-ROW($E$2)+1, "" ), 1)), "Night" ) )} -> Day
A135: 2024-02-05 | B135: Pit A | C135: Seam 1 | D135: EX2500 | E135: Evening | F135: 3436 | G135: 5420 | H135: 7.13 | I135: 0.68 | J135: 6.45 | K135: {=IF( ISNUMBER(DATEVALUE(A135)), TEXT(DATEVALUE(A135),"yyyy-mm-dd"), IFERROR( TEXT(INDEX($A$2:$A$301,MATCH(1, ($B$2:$B$301=B135) * ($C$2:$C$301=C135) * ($D$2:$D$301=D135) * ($E$2:$E$301=E135) * ($F$2:$F$301=F135) * ($G$2:$G$301=G135) * ($H$2:$H$301=H135) * ($I$2:$I$301=I135) * ($J$2:$J$301=J135),0)),"yyyy-mm-dd"), "Perlu Klarifikasi" ) )} -> 2024-02-05 | L135: {=IF( E135<>"Evening", E135, IFERROR( INDEX($E$2:$E$301, SMALL( IF( ($B$2:$B$301=B135) * ($C$2:$C$301=C135) * ($D$2:$D$301=D135) * ($F$2:$F$301=F135) * ($G$2:$G$301=G135) * ($H$2:$H$301=H135) * ($I$2:$I$301=I135) * ($J$2:$J$301=J135) * ($K$2:$K$301=K135) * ($E$2:$E$301<>"Evening"), ROW($E$2:$E$301)-ROW($E$2)+1, "" ), 1)), "Night" ) )} -> Night
A136: 2024-02-05 | B136: Pit C | C136: Seam 3 | D136: EX2500 | E136: Day | F136: 2142 | G136: 2619 | H136: 6.2 | I136: 0.27 | J136: 5.93 | K136: {=IF( ISNUMBER(DATEVALUE(A136)), TEXT(DATEVALUE(A136),"yyyy-mm-dd"), IFERROR( TEXT(INDEX($A$2:$A$301,MATCH(1, ($B$2:$B$301=B136) * ($C$2:$C$301=C136) * ($D$2:$D$301=D136) * ($E$2:$E$301=E136) * ($F$2:$F$301=F136) * ($G$2:$G$301=G136) * ($H$2:$H$301=H136) * ($I$2:$I$301=I136) * ($J$2:$J$301=J136),0)),"yyyy-mm-dd"), "Perlu Klarifikasi" ) )} -> 2024-02-05 | L136: {=IF( E136<>"Evening", E136, IFERROR( INDEX($E$2:$E$301, SMALL( IF( ($B$2:$B$301=B136) * ($C$2:$C$301=C136) * ($D$2:$D$301=D136) * ($F$2:$F$301=F136) * ($G$2:$G$301=G136) * ($H$2:$H$301=H136) * ($I$2:$I$301=I136) * ($J$2:$J$301=J136) * ($K$2:$K$301=K136) * ($E$2:$E$301<>"Evening"), ROW($E$2:$E$301)-ROW($E$2)+1, "" ), 1)), "Night" ) )} -> Day
A137: 2024-02-05 | B137: Pit A | C137: Seam 1 | D137: EX2500 | E137: Night | F137: 3436 | G137: 5420 | H137: 7.13 | I137: 0.68 | J137: 6.45 | K137: {=IF( ISNUMBER(DATEVALUE(A137)), TEXT(DATEVALUE(A137),"yyyy-mm-dd"), IFERROR( TEXT(INDEX($A$2:$A$301,MATCH(1, ($B$2:$B$301=B137) * ($C$2:$C$301=C137) * ($D$2:$D$301=D137) * ($E$2:$E$301=E137) * ($F$2:$F$301=F137) * ($G$2:$G$301=G137) * ($H$2:$H$301=H137) * ($I$2:$I$301=I137) * ($J$2:$J$301=J137),0)),"yyyy-mm-dd"), "Perlu Klarifikasi" ) )} -> 2024-02-05 | L137: {=IF( E137<>"Evening", E137, IFERROR( INDEX($E$2:$E$301, SMALL( IF( ($B$2:$B$301=B137) * ($C$2:$C$301=C137) * ($D$2:$D$301=D137) * ($F$2:$F$301=F137) * ($G$2:$G$301=G137) * ($H$2:$H$301=H137) * ($I$2:$I$301=I137) * ($J$2:$J$301=J137) * ($K$2:$K$301=K137) * ($E$2:$E$301<>"Evening"), ROW($E$2:$E$301)-ROW($E$2)+1, "" ), 1)), "Night" ) )} -> Night
... A139: 2024-02-05 | B139: Pit C | C139: Seam 3 | D139: EX2500 | E139: Day | F139: 2142 | G139: 2619 | H139: 6.2 | I139: 0.27 | J139: 5.93 | K139: {=IF( ISNUMBER(DATEVALUE(A139)), TEXT(DATEVALUE(A139),"yyyy-mm-dd"), IFERROR( TEXT(INDEX($A$2:$A$301,MATCH(1, ($B$2:$B$301=B139) * ($C$2:$C$301=C139) * ($D$2:$D$301=D139) * ($E$2:$E$301=E139) * ($F$2:$F$301=F139) * ($G$2:$G$301=G139) * ($H$2:$H$301=H139) * ($I$2:$I$301=I139) * ($J$2:$J$301=J139),0)),"yyyy-mm-dd"), "Perlu Klarifikasi" ) )} -> 2024-02-05 | L139: {=IF( E139<>"Evening", E139, IFERROR( INDEX($E$2:$E$301, SMALL( IF( ($B$2:$B$301=B139) * ($C$2:$C$301=C139) * ($D$2:$D$301=D139) * ($F$2:$F$301=F139) * ($G$2:$G$301=G139) * ($H$2:$H$301=H139) * ($I$2:$I$301=I139) * ($J$2:$J$301=J139) * ($K$2:$K$301=K139) * ($E$2:$E$301<>"Evening"), ROW($E$2:$E$301)-ROW($E$2)+1, "" ), 1)), "Night" ) )} -> Day
A140: 2024/13/40 | B140: Pit C | C140: Seam 3 | D140: EX2500 | E140: Day | F140: 4805 | G140: 5407 | H140: 6.04 | I140: 1.36 | J140: 4.68 | K140: {=TEXT( MEDIAN( IF( ($B$2:$B$301=B140) * ($C$2:$C$301=C140) * ($D$2:$D$301=D140) * ($E$2:$E$301=E140) * ISNUMBER(DATEVALUE($A$2:$A$301)), DATEVALUE($A$2:$A$301) ) ), "yyyy-mm-dd" )} -> 2024-02-05 | L140: {=IF( E140<>"Evening", E140, IFERROR( INDEX($E$2:$E$301, SMALL( IF( ($B$2:$B$301=B140) * ($C$2:$C$301=C140) * ($D$2:$D$301=D140) * ($F$2:$F$301=F140) * ($G$2:$G$301=G140) * ($H$2:$H$301=H140) * ($I$2:$I$301=I140) * ($J$2:$J$301=J140) * ($K$2:$K$301=K140) * ($E$2:$E$301<>"Evening"), ROW($E$2:$E$301)-ROW($E$2)+1, "" ), 1)), "Night" ) )} -> Day
A141: 2024/13/40 | B141: Pit C | C141: Seam 3 | D141: EX2500 | E141: Day | F141: 4805 | G141: 5407 | H141: 6.04 | I141: 1.36 | J141: 4.68 | K141: {=TEXT( MEDIAN( IF( ($B$2:$B$301=B141) * ($C$2:$C$301=C141) * ($D$2:$D$301=D141) * ($E$2:$E$301=E141) * ISNUMBER(DATEVALUE($A$2:$A$301)), DATEVALUE($A$2:$A$301) ) ), "yyyy-mm-dd" )} -> 2024-02-05 | L141: {=IF( E141<>"Evening", E141, IFERROR( INDEX($E$2:$E$301, SMALL( IF( ($B$2:$B$301=B141) * ($C$2:$C$301=C141) * ($D$2:$D$301=D141) * ($F$2:$F$301=F141) * ($G$2:$G$301=G141) * ($H$2:$H$301=H141) * ($I$2:$I$301=I141) * ($J$2:$J$301=J141) * ($K$2:$K$301=K141) * ($E$2:$E$301<>"Evening"), ROW($E$2:$E$301)-ROW($E$2)+1, "" ), 1)), "Night" ) )} -> Day
A142: 2024-02-05 | B142: Pit C | C142: Seam 2 | D142: {=IF( Produksi!D134<>"", Produksi!D134, IFERROR( INDEX($D$2:$D$301, MATCH(1, ($B$2:$B$301=Produksi!B134) * ($C$2:$C$301=Produksi!C134) * ($E$2:$E$301=Produksi!E134), 0)), "Perlu Klarifikasi") )} -> EX2500 | E142: Day | F142: 6832 | G142: 5330 | H142: 4.42 | I142: 0.41 | J142: 4.01 | K142: {=IF( ISNUMBER(DATEVALUE(A142)), TEXT(DATEVALUE(A142),"yyyy-mm-dd"), IFERROR( TEXT(INDEX($A$2:$A$301,MATCH(1, ($B$2:$B$301=B142) * ($C$2:$C$301=C142) * ($D$2:$D$301=D142) * ($E$2:$E$301=E142) * ($F$2:$F$301=F142) * ($G$2:$G$301=G142) * ($H$2:$H$301=H142) * ($I$2:$I$301=I142) * ($J$2:$J$301=J142),0)),"yyyy-mm-dd"), "Perlu Klarifikasi" ) )} -> 2024-02-05 | L142: {=IF( E142<>"Evening", E142, IFERROR( INDEX($E$2:$E$301, SMALL( IF( ($B$2:$B$301=B142) * ($C$2:$C$301=C142) * ($D$2:$D$301=D142) * ($F$2:$F$301=F142) * ($G$2:$G$301=G142) * ($H$2:$H$301=H142) * ($I$2:$I$301=I142) * ($J$2:$J$301=J142) * ($K$2:$K$301=K142) * ($E$2:$E$301<>"Evening"), ROW($E$2:$E$301)-ROW($E$2)+1, "" ), 1)), "Night" ) )} -> Day
A143: 2024-02-06 | B143: Pit A | C143: Seam 3 | D143: EX2500 | E143: Day | F143: 2901 | G143: 1408 | H143: 4.36 | I143: 0.72 | J143: 3.64 | K143: {=IF( ISNUMBER(DATEVALUE(A143)), TEXT(DATEVALUE(A143),"yyyy-mm-dd"), IFERROR( TEXT(INDEX($A$2:$A$301,MATCH(1, ($B$2:$B$301=B143) * ($C$2:$C$301=C143) * ($D$2:$D$301=D143) * ($E$2:$E$301=E143) * ($F$2:$F$301=F143) * ($G$2:$G$301=G143) * ($H$2:$H$301=H143) * ($I$2:$I$301=I143) * ($J$2:$J$301=J143),0)),"yyyy-mm-dd"), "Perlu Klarifikasi" ) )} -> 2024-02-06 | L143: {=IF( E143<>"Evening", E143, IFERROR( INDEX($E$2:$E$301, SMALL( IF( ($B$2:$B$301=B143) * ($C$2:$C$301=C143) * ($D$2:$D$301=D143) * ($F$2:$F$301=F143) * ($G$2:$G$301=G143) * ($H$2:$H$301=H143) * ($I$2:$I$301=I143) * ($J$2:$J$301=J143) * ($K$2:$K$301=K143) * ($E$2:$E$301<>"Evening"), ROW($E$2:$E$301)-ROW($E$2)+1, "" ), 1)), "Night" ) )} -> Day
...

Sheet Produksi_Unik
A1: Tanggal | B1: Pit | C1: Seam | D1: Excavator | E1: Shift | F1: OB_Volume | G1: Coal_Volume | H1: Working_Hours | I1: Delay_Hours | J1: Productive_Hours | K1: Normalisasi_Tanggal | L1: Validasi_Shift | M1: Delay_Cek | N1: Produktivitas_Excavator | O1: Estimated_Fuel | P1: Working_Hours_Cek | Q1: Rasio_Stripping
A2: 2024-01-01 | B2: Pit C | C2: Seam 1 | D2: EX1100 | E2: Evening | F2: 713 | G2: 6438 | H2: 9.92 | I2: 1.86 | J2: 8.06 | K2: 2024-01-01 | L2: Night | M2: =IF(ABS(H2-J2-I2) <= 0.01,"Valid","Invalid") -> Valid | N2: =G2/H2 -> 648.99194 | O2: =_xlfn.XLOOKUP(D2,'Fleet Master'!$A$2:$A$9,'Fleet Master'!$D$2:$D$9)*H2 -> 446.4 | P2: =IF(H2=I2+J2,"Valid","Invalid") -> Valid | Q2: =F2/G2 -> 0.11074868
A3: 2024-01-01 | B3: Pit C | C3: Seam 2 | D3: EX1100 | E3: Night | F3: 1366 | G3: 1078 | H3: 4.44 | I3: 0.72 | J3: 3.72 | K3: 2024-01-01 | L3: Night | M3: =IF(ABS(H3-J3-I3) <= 0.01,"Valid","Invalid") -> Valid | N3: =G3/H3 -> 242.79279 | O3: =_xlfn.XLOOKUP(D3,'Fleet Master'!$A$2:$A$9,'Fleet Master'!$D$2:$D$9)*H3 -> 199.8 | P3: =IF(H3=I3+J3,"Valid","Invalid") -> Valid | Q3: =F3/G3 -> 1.2671614
A4: 2024-01-02 | B4: Pit A | C4: Seam 1 | D4: EX2500 | E4: Day | F4: 2612 | G4: 2675 | H4: 7.16 | I4: 1.5 | J4: 5.66 | K4: 2024-01-02 | L4: Day | M4: =IF(ABS(H4-J4-I4) <= 0.01,"Valid","Invalid") -> Valid | N4: =G4/H4 -> 373.60335 | O4: =_xlfn.XLOOKUP(D4,'Fleet Master'!$A$2:$A$9,'Fleet Master'!$D$2:$D$9)*H4 -> 537 | P4: =IF(H4=I4+J4,"Valid","Invalid") -> Valid | Q4: =F4/G4 -> 0.9764486
A5: 2024-01-02 | B5: Pit B | C5: Seam 2 | D5: EX2500 | E5: Day | F5: 3737 | G5: 269 | H5: 9.95 | I5: 0.78 | J5: 9.17 | K5: 2024-01-02 | L5: Day | M5: =IF(ABS(H5-J5-I5) <= 0.01,"Valid","Invalid") -> Valid | N5: =G5/H5 -> 27.035176 | O5: =_xlfn.XLOOKUP(D5,'Fleet Master'!$A$2:$A$9,'Fleet Master'!$D$2:$D$9)*H5 -> 746.25 | P5: =IF(H5=I5+J5,"Valid","Invalid") -> Valid | Q5: =F5/G5 -> 13.892193
A6: 2024-01-02 | B6: Pit C | C6: Seam 2 | D6: EX2500 | E6: Day | F6: 7669 | G6: 4949 | H6: 7.54 | I6: 0.96 | J6: 6.58 | K6: 2024-01-02 | L6: Day | M6: =IF(ABS(H6-J6-I6) <= 0.01,"Valid","Invalid") -> Valid | N6: =G6/H6 -> 656.36605 | O6: =_xlfn.XLOOKUP(D6,'Fleet Master'!$A$2:$A$9,'Fleet Master'!$D$2:$D$9)*H6 -> 565.5 | P6: =IF(H6=I6+J6,"Valid","Invalid") -> Valid | Q6: =F6/G6 -> 1.549606
A7: 2024-01-03 | B7: Pit A | C7: Seam 1 | D7: EX1200 | E7: Night | F7: 684 | G7: 1349 | H7: 5.43 | I7: 0.27 | J7: 5.16 | K7: 2024-01-03 | L7: Night | M7: =IF(ABS(H7-J7-I7) <= 0.01,"Valid","Invalid") -> Valid | N7: =G7/H7 -> 248.43462 | O7: =_xlfn.XLOOKUP(D7,'Fleet Master'!$A$2:$A$9,'Fleet Master'!$D$2:$D$9)*H7 -> 260.64 | P7: =IF(H7=I7+J7,"Valid","Invalid") -> Valid | Q7: =F7/G7 -> 0.50704225
A8: 2024-01-03 | B8: Pit A | C8: Seam 2 | D8: EX1200 | E8: Day | F8: 8978 | G8: 3637 | H8: 4.71 | I8: 0.08 | J8: 4.63 | K8: 2024-01-03 | L8: Day | M8: =IF(ABS(H8-J8-I8) <= 0.01,"Valid","Invalid") -> Valid | N8: =G8/H8 -> 772.18684 | O8: =_xlfn.XLOOKUP(D8,'Fleet Master'!$A$2:$A$9,'Fleet Master'!$D$2:$D$9)*H8 -> 226.08 | P8: =IF(H8=I8+J8,"Valid","Invalid") -> Valid | Q8: =F8/G8 -> 2.468518
A9: 2024-01-03 | B9: Pit A | C9: Seam 1 | D9: EX1100 | E9: Evening | F9: 3336 | G9: 2526 | H9: 6.14 | I9: 0.63 | J9: 5.51 | K9: 2024-01-03 | L9: Day | M9: =IF(ABS(H9-J9-I9) <= 0.01,"Valid","Invalid") -> Valid | N9: =G9/H9 -> 411.40065 | O9: =_xlfn.XLOOKUP(D9,'Fleet Master'!$A$2:$A$9,'Fleet Master'!$D$2:$D$9)*H9 -> 276.3 | P9: =IF(H9=I9+J9,"Valid","Invalid") -> Valid | Q9: =F9/G9 -> 1.3206651
A10: 2024-01-03 | B10: Pit A | C10: Seam 2 | D10: EX1200 | E10: Night | F10: 2604 | G10: 1318 | H10: 6.25 | I10: 1.14 | J10: 5.11 | K10: 2024-01-03 | L10: Night | M10: =IF(ABS(H10-J10-I10) <= 0.01,"Valid","Invalid") -> Valid | N10: =G10/H10 -> 210.88 | O10: =_xlfn.XLOOKUP(D10,'Fleet Master'!$A$2:$A$9,'Fleet Master'!$D$2:$D$9)*H10 -> 300 | P10: =IF(H10=I10+J10,"Valid","Invalid") -> Valid | Q10: =F10/G10 -> 1.9757208
A11: 2024-01-03 | B11: Pit B | C11: Seam 2 | D11: EX2500 | E11: Night | F11: 3710 | G11: 3388 | H11: 8.73 | I11: 1.18 | J11: 7.55 | K11: 2024-01-03 | L11: Night | M11: =IF(ABS(H11-J11-I11) <= 0.01,"Valid","Invalid") -> Valid | N11: =G11/H11 -> 388.08706 | O11: =_xlfn.XLOOKUP(D11,'Fleet Master'!$A$2:$A$9,'Fleet Master'!$D$2:$D$9)*H11 -> 654.75 | P11: =IF(H11=I11+J11,"Valid","Invalid") -> Valid | Q11: =F11/G11 -> 1.0950413
A12: 2024-01-04 | B12: Pit C | C12: Seam 3 | D12: EX1200 | E12: Evening | F12: 5683 | G12: 5055 | H12: 4.59 | I12: 0.17 | J12: 4.42 | K12: 2024-01-04 | L12: Night | M12: =IF(ABS(H12-J12-I12) <= 0.01,"Valid","Invalid") -> Valid | N12: =G12/H12 -> 1101.3072 | O12: =_xlfn.XLOOKUP(D12,'Fleet Master'!$A$2:$A$9,'Fleet Master'!$D$2:$D$9)*H12 -> 220.32 | P12: =IF(H12=I12+J12,"Valid","Invalid") -> Valid | Q12: =F12/G12 -> 1.1242334
A13: 2024-01-05 | B13: Pit B | C13: Seam 1 | D13: EX2500 | E13: Night | F13: 4512 | G13: 1543 | H13: 5.16 | I13: 0.03 | J13: 5.13 | K13: 2024-01-05 | L13: Night | M13: =IF(ABS(H13-J13-I13) <= 0.01,"Valid","Invalid") -> Valid | N13: =G13/H13 -> 299.03101 | O13: =_xlfn.XLOOKUP(D13,'Fleet Master'!$A$2:$A$9,'Fleet Master'!$D$2:$D$9)*H13 -> 387 | P13: =IF(H13=I13+J13,"Valid","Invalid") -> Valid | Q13: =F13/G13 -> 2.9241737
... A77: 2024-02-16 | B77: Pit A | C77: Seam 1 | D77: EX2500 | E77: Night | F77: 5154 | G77: 2366 | H77: 5.06 | I77: 0.16 | J77: 4.9 | K77: 2024-02-16 | L77: Night | M77: =IF(ABS(H77-J77-I77) <= 0.01,"Valid","Invalid") -> Valid | N77: =G77/H77 -> 467.58893 | O77: =_xlfn.XLOOKUP(D77,'Fleet Master'!$A$2:$A$9,'Fleet Master'!$D$2:$D$9)*H77 -> 379.5 | P77: =IF(H77=I77+J77,"Valid","Invalid") -> Valid | Q77: =F77/G77 -> 2.1783601
B78: Pit A | C78: Seam 1 | D78: EX2500 | E78: Night | F78: 4956 | G78: 5518 | H78: 7.4 | I78: 0.09 | J78: 7.31 | K78: 2024-02-16 | L78: Night | M78: =IF(ABS(H78-J78-I78) <= 0.01,"Valid","Invalid") -> Valid | N78: =G78/H78 -> 745.67568 | O78: =_xlfn.XLOOKUP(D78,'Fleet Master'!$A$2:$A$9,'Fleet Master'!$D$2:$D$9)*H78 -> 555 | P78: =IF(H78=I78+J78,"Valid","Invalid") -> Valid | Q78: =F78/G78 -> 0.8981515
A79: 2024-02-17 | B79: Pit A | C79: Seam 3 | D79: EX1100 | E79: Night | F79: 7607 | G79: 4801 | H79: 6.5 | I79: 1.52 | J79: 4.98 | K79: 2024-02-17 | L79: Night | M79: =IF(ABS(H79-J79-I79) <= 0.01,"Valid","Invalid") -> Valid | N79: =G79/H79 -> 738.61538 | O79: =_xlfn.XLOOKUP(D79,'Fleet Master'!$A$2:$A$9,'Fleet Master'!$D$2:$D$9)*H79 -> 292.5 | P79: =IF(H79=I79+J79,"Valid","Invalid") -> Valid | Q79: =F79/G79 -> 1.5844616
A80: 2024-02-17 | B80: Pit B | C80: Seam 3 | D80: EX1100 | E80: Day | F80: 1958 | G80: 2487 | H80: 6.37 | I80: 0.68 | J80: 5.69 | K80: 2024-02-17 | L80: Day | M80: =IF(ABS(H80-J80-I80) <= 0.01,"Valid","Invalid") -> Valid | N80: =G80/H80 -> 390.42386 | O80: =_xlfn.XLOOKUP(D80,'Fleet Master'!$A$2:$A$9,'Fleet Master'!$D$2:$D$9)*H80 -> 286.65 | P80: =IF(H80=I80+J80,"Valid","Invalid") -> Valid | Q80: =F80/G80 -> 0.78729393
A81: 2024-02-18 | B81: Pit B | C81: Seam 2 | D81: EX1200 | E81: Night | F81: 7846 | G81: 3226 | H81: 9.9 | I81: 0.26 | J81: 9.64 | K81: 2024-02-18 | L81: Night | M81: =IF(ABS(H81-J81-I81) <= 0.01,"Valid","Invalid") -> Valid | N81: =G81/H81 -> 325.85859 | O81: =_xlfn.XLOOKUP(D81,'Fleet Master'!$A$2:$A$9,'Fleet Master'!$D$2:$D$9)*H81 -> 475.2 | P81: =IF(H81=I81+J81,"Valid","Invalid") -> Valid | Q81: =F81/G81 -> 2.4321141
A82: 2024-02-18 | B82: Pit A | C82: Seam 3 | D82: EX2500 | E82: Day | F82: 653 | G82: 1706 | H82: 6.41 | I82: 1.81 | J82: 4.6 | K82: 2024-02-18 | L82: Day | M82: =IF(ABS(H82-J82-I82) <= 0.01,"Valid","Invalid") -> Valid | N82: =G82/H82 -> 266.14665 | O82: =_xlfn.XLOOKUP(D82,'Fleet Master'!$A$2:$A$9,'Fleet Master'!$D$2:$D$9)*H82 -> 480.75 | P82: =IF(H82=I82+J82,"Valid","Invalid") -> Valid | Q82: =F82/G82 -> 0.38276671
A83: 2024-02-18 | B83: Pit C | C83: Seam 3 | D83: EX2500 | E83: Night | F83: 3640 | G83: 4576 | H83: 7.69 | I83: 1.92 | J83: 5.77 | K83: 2024-02-18 | L83: Night | M83: =IF(ABS(H83-J83-I83) <= 0.01,"Valid","Invalid") -> Valid | N83: =G83/H83 -> 595.05852 | O83: =_xlfn.XLOOKUP(D83,'Fleet Master'!$A$2:$A$9,'Fleet Master'!$D$2:$D$9)*H83 -> 576.75 | P83: =IF(H83=I83+J83,"Valid","Invalid") -> Valid | Q83: =F83/G83 -> 0.79545455
A84: 2024-02-18 | B84: Pit B | C84: Seam 2 | D84: EX1100 | E84: Day | F84: 7713 | G84: 5371 | H84: 7.34 | I84: 0.39 | J84: 6.95 | K84: 2024-02-18 | L84: Day | M84: =IF(ABS(H84-J84-I84) <= 0.01,"Valid","Invalid") -> Valid | N84: =G84/H84 -> 731.74387 | O84: =_xlfn.XLOOKUP(D84,'Fleet Master'!$A$2:$A$9,'Fleet Master'!$D$2:$D$9)*H84 -> 330.3 | P84: =IF(H84=I84+J84,"Valid","Invalid") -> Valid | Q84: =F84/G84 -> 1.4360454
A85: 2024-02-19 | B85: Pit B | C85: Seam 3 | D85: EX1100 | E85: Night | F85: 7669 | G85: 5723 | H85: 9.7 | I85: 0.65 | J85: 9.05 | K85: 2024-02-19 | L85: Night | M85: =IF(ABS(H85-J85-I85) <= 0.01,"Valid","Invalid") -> Valid | N85: =G85/H85 -> 590 | O85: =_xlfn.XLOOKUP(D85,'Fleet Master'!$A$2:$A$9,'Fleet Master'!$D$2:$D$9)*H85 -> 436.5 | P85: =IF(H85=I85+J85,"Valid","Invalid") -> Valid | Q85: =F85/G85 -> 1.3400315
A86: 2024-02-22 | B86: Pit B | C86: Seam 2 | D86: EX1200 | E86: Night | F86: 1925 | G86: 1096 | H86: 6.2 | I86: 1.33 | J86: 4.87 | K86: 2024-02-22 | L86: Night | M86: =IF(ABS(H86-J86-I86) <= 0.01,"Valid","Invalid") -> Valid | N86: =G86/H86 -> 176.77419 | O86: =_xlfn.XLOOKUP(D86,'Fleet Master'!$A$2:$A$9,'Fleet Master'!$D$2:$D$9)*H86 -> 297.6 | P86: =IF(H86=I86+J86,"Valid","Invalid") -> Valid | Q86: =F86/G86 -> 1.7563869
A87: 2024-02-22 | B87: Pit B | C87: Seam 2 | D87: EX1200 | E87: Night | F87: 7839 | G87: 984 | H87: 7.87 | I87: 0.41 | J87: 7.46 | K87: 2024-02-22 | L87: Night | M87: =IF(ABS(H87-J87-I87) <= 0.01,"Valid","Invalid") -> Valid | N87: =G87/H87 -> 125.03177 | O87: =_xlfn.XLOOKUP(D87,'Fleet Master'!$A$2:$A$9,'Fleet Master'!$D$2:$D$9)*H87 -> 377.76 | P87: =IF(H87=I87+J87,"Valid","Invalid") -> Valid | Q87: =F87/G87 -> 7.9664634
A88: 2024-02-22 | B88: Pit B | C88: Seam 3 | D88: EX1200 | E88: Day | F88: 6878 | G88: 106 | H88: 8.32 | I88: 0.91 | J88: 7.41 | K88: 2024-02-22 | L88: Day | M88: =IF(ABS(H88-J88-I88) <= 0.01,"Valid","Invalid") -> Valid | N88: =G88/H88 -> 12.740385 | O88: =_xlfn.XLOOKUP(D88,'Fleet Master'!$A$2:$A$9,'Fleet Master'!$D$2:$D$9)*H88 -> 399.36 | P88: =IF(H88=I88+J88,"Valid","Invalid") -> Valid | Q88: =F88/G88 -> 64.886792
A89: 2024-02-23 | B89: Pit C | C89: Seam 2 | D89: EX2500 | E89: Night | F89: 204 | G89: 4045 | H89: 6.66 | I89: 1.31 | J89: 5.35 | K89: 2024-02-23 | L89: Night | M89: =IF(ABS(H89-J89-I89) <= 0.01,"Valid","Invalid") -> Valid | N89: =G89/H89 -> 607.35736 | O89: =_xlfn.XLOOKUP(D89,'Fleet Master'!$A$2:$A$9,'Fleet Master'!$D$2:$D$9)*H89 -> 499.5 | P89: =IF(H89=I89+J89,"Valid","Invalid") -> Valid | Q89: =F89/G89 -> 0.050432633
A90: 2024-02-25 | B90: Pit A | C90: Seam 3 | D90: EX1100 | E90: Day | F90: 7549 | G90: 5053 | H90: 5.6 | I90: 0.21 | J90: 5.39 | K90: 2024-02-25 | L90: Day | M90: =IF(ABS(H90-J90-I90) <= 0.01,"Valid","Invalid") -> Valid | N90: =G90/H90 -> 902.32143 | O90: =_xlfn.XLOOKUP(D90,'Fleet Master'!$A$2:$A$9,'Fleet Master'!$D$2:$D$9)*H90 -> 252 | P90: =IF(H90=I90+J90,"Valid","Invalid") -> Valid | Q90: =F90/G90 -> 1.493964
... A150: 2024-03-31 | B150: Pit C | C150: Seam 1 | D150: EX1200 | E150: Day | F150: 5765 | G150: 211 | H150: 8.08 | I150: 1.56 | J150: 6.52 | K150: 2024-03-31 | L150: Day | M150: =IF(ABS(H150-J150-I150) <= 0.01,"Valid","Invalid") -> Valid | N150: =G150/H150 -> 26.113861 | O150: =_xlfn.XLOOKUP(D150,'Fleet Master'!$A$2:$A$9,'Fleet Master'!$D$2:$D$9)*H150 -> 387.84 | P150: =IF(H150=I150+J150,"Valid","Invalid") -> Valid | Q150: =F150/G150 -> 27.322275

Sheet Hauling_Filled
A1: Tanggal | B1: Dump_Truck | C1: Distance_km | D1: Cycle_Time_min | E1: Ritase | F1: Fuel_Usage_L | G1: Normalisasi_Tanggal
A2: 2024-01-01 | B2: DT03 | C2: 3.85 | D2: 8.63 | E2: 27 | F2: 85.69 | G2: {=IF( ISNUMBER(DATEVALUE(A2)), TEXT(DATEVALUE(A2),"yyyy-mm-dd"), IFERROR( TEXT(INDEX($A$2:$A$301,MATCH(1, ($B$2:$B$301=B2) * ($C$2:$C$301=C2) * ($D$2:$D$301=D2) * ($E$2:$E$301=E2) * ($F$2:$F$301=F2),0)),"yyyy-mm-dd"), "Perlu Klarifikasi" ) )} -> 2024-01-01
A3: 2024-01-03 | B3: DT03 | C3: 3.86 | D3: 9.33 | E3: 43 | F3: 135.67 | G3: {=IF( ISNUMBER(DATEVALUE(A3)), TEXT(DATEVALUE(A3),"yyyy-mm-dd"), IFERROR( TEXT(INDEX($A$2:$A$301,MATCH(1, ($B$2:$B$301=B3) * ($C$2:$C$301=C3) * ($D$2:$D$301=D3) * ($E$2:$E$301=E3) * ($F$2:$F$301=F3),0)),"yyyy-mm-dd"), "Perlu Klarifikasi" ) )} -> 2024-01-03
A4: 2024-01-03 | B4: DT03 | C4: 3.86 | D4: 9.33 | E4: 43 | F4: 135.67 | G4: {=IF( ISNUMBER(DATEVALUE(A4)), TEXT(DATEVALUE(A4),"yyyy-mm-dd"), IFERROR( TEXT(INDEX($A$2:$A$301,MATCH(1, ($B$2:$B$301=B4) * ($C$2:$C$301=C4) * ($D$2:$D$301=D4) * ($E$2:$E$301=E4) * ($F$2:$F$301=F4),0)),"yyyy-mm-dd"), "Perlu Klarifikasi" ) )} -> 2024-01-03
A5: 2024-01-03 | B5: DT01 | C5: 6.1 | D5: 11.43 | E5: 20 | F5: 50.09 | G5: {=IF( ISNUMBER(DATEVALUE(A5)), TEXT(DATEVALUE(A5),"yyyy-mm-dd"), IFERROR( TEXT(INDEX($A$2:$A$301,MATCH(1, ($B$2:$B$301=B5) * ($C$2:$C$301=C5) * ($D$2:$D$301=D5) * ($E$2:$E$301=E5) * ($F$2:$F$301=F5),0)),"yyyy-mm-dd"), "Perlu Klarifikasi" ) )} -> 2024-01-03
A6: 2024-01-04 | B6: DT02 | C6: 4.94 | D6: 8.73 | E6: 42 | F6: 118.19 | G6: {=IF( ISNUMBER(DATEVALUE(A6)), TEXT(DATEVALUE(A6),"yyyy-mm-dd"), IFERROR( TEXT(INDEX($A$2:$A$301,MATCH(1, ($B$2:$B$301=B6) * ($C$2:$C$301=C6) * ($D$2:$D$301=D6) * ($E$2:$E$301=E6) * ($F$2:$F$301=F6),0)),"yyyy-mm-dd"), "Perlu Klarifikasi" ) )} -> 2024-01-04
A7: 2024-01-04 | B7: DT02 | C7: 4.94 | D7: 8.73 | E7: 42 | F7: 118.19 | G7: {=IF( ISNUMBER(DATEVALUE(A7)), TEXT(DATEVALUE(A7),"yyyy-mm-dd"), IFERROR( TEXT(INDEX($A$2:$A$301,MATCH(1, ($B$2:$B$301=B7) * ($C$2:$C$301=C7) * ($D$2:$D$301=D7) * ($E$2:$E$301=E7) * ($F$2:$F$301=F7),0)),"yyyy-mm-dd"), "Perlu Klarifikasi" ) )} -> 2024-01-04
A8: 2024-01-04 | B8: DT05 | C8: 4.08 | D8: 5.88 | E8: 32 | F8: 103.67 | G8: {=IF( ISNUMBER(DATEVALUE(A8)), TEXT(DATEVALUE(A8),"yyyy-mm-dd"), IFERROR( TEXT(INDEX($A$2:$A$301,MATCH(1, ($B$2:$B$301=B8) * ($C$2:$C$301=C8) * ($D$2:$D$301=D8) * ($E$2:$E$301=E8) * ($F$2:$F$301=F8),0)),"yyyy-mm-dd"), "Perlu Klarifikasi" ) )} -> 2024-01-04
A9: 2024-01-07 | B9: DT05 | C9: 3.52 | D9: 8.71 | E9: 20 | F9: 66.83 | G9: {=IF( ISNUMBER(DATEVALUE(A9)), TEXT(DATEVALUE(A9),"yyyy-mm-dd"), IFERROR( TEXT(INDEX($A$2:$A$301,MATCH(1, ($B$2:$B$301=B9) * ($C$2:$C$301=C9) * ($D$2:$D$301=D9) * ($E$2:$E$301=E9) * ($F$2:$F$301=F9),0)),"yyyy-mm-dd"), "Perlu Klarifikasi" ) )} -> 2024-01-07
A10: 2024-01-07 | B10: DT02 | C10: 5.93 | D10: 9.03 | E10: 16 | F10: 32.38 | G10: {=IF( ISNUMBER(DATEVALUE(A10)), TEXT(DATEVALUE(A10),"yyyy-mm-dd"), IFERROR( TEXT(INDEX($A$2:$A$301,MATCH(1, ($B$2:$B$301=B10) * ($C$2:$C$301=C10) * ($D$2:$D$301=D10) * ($E$2:$E$301=E10) * ($F$2:$F$301=F10),0)),"yyyy-mm-dd"), "Perlu Klarifikasi" ) )} -> 2024-01-07
A11: 2024-01-07 | B11: DT04 | C11: 5.11 | D11: 8.66 | E11: 45 | F11: 135.11 | G11: {=IF( ISNUMBER(DATEVALUE(A11)), TEXT(DATEVALUE(A11),"yyyy-mm-dd"), IFERROR( TEXT(INDEX($A$2:$A$301,MATCH(1, ($B$2:$B$301=B11) * ($C$2:$C$301=C11) * ($D$2:$D$301=D11) * ($E$2:$E$301=E11) * ($F$2:$F$301=F11),0)),"yyyy-mm-dd"), "Perlu Klarifikasi" ) )} -> 2024-01-07
A12: 2024-01-07 | B12: DT02 | C12: 3.34 | D12: 13.06 | E12: 27 | F12: 69.2 | G12: {=IF( ISNUMBER(DATEVALUE(A12)), TEXT(DATEVALUE(A12),"yyyy-mm-dd"), IFERROR( TEXT(INDEX($A$2:$A$301,MATCH(1, ($B$2:$B$301=B12) * ($C$2:$C$301=C12) * ($D$2:$D$301=D12) * ($E$2:$E$301=E12) * ($F$2:$F$301=F12),0)),"yyyy-mm-dd"), "Perlu Klarifikasi" ) )} -> 2024-01-07
A13: 2024-01-07 | B13: DT02 | C13: 7.98 | D13: 9.53 | E13: 32 | F13: 73.96 | G13: {=IF( ISNUMBER(DATEVALUE(A13)), TEXT(DATEVALUE(A13),"yyyy-mm-dd"), IFERROR( TEXT(INDEX($A$2:$A$301,MATCH(1, ($B$2:$B$301=B13) * ($C$2:$C$301=C13) * ($D$2:$D$301=D13) * ($E$2:$E$301=E13) * ($F$2:$F$301=F13),0)),"yyyy-mm-dd"), "Perlu Klarifikasi" ) )} -> 2024-01-07
... A28: 2024-01-10 | B28: DT03 | C28: 4.68 | D28: 8.76 | E28: 25 | F28: 59.96 | G28: {=IF( ISNUMBER(DATEVALUE(A28)), TEXT(DATEVALUE(A28),"yyyy-mm-dd"), IFERROR( TEXT(INDEX($A$2:$A$301,MATCH(1, ($B$2:$B$301=B28) * ($C$2:$C$301=C28) * ($D$2:$D$301=D28) * ($E$2:$E$301=E28) * ($F$2:$F$301=F28),0)),"yyyy-mm-dd"), "Perlu Klarifikasi" ) )} -> 2024-01-10
A29: 2024-01-10 | B29: DT03 | C29: 4.68 | D29: 8.76 | E29: 25 | F29: =F28 -> 59.96 | G29: {=IF( ISNUMBER(DATEVALUE(A29)), TEXT(DATEVALUE(A29),"yyyy-mm-dd"), IFERROR( TEXT(INDEX($A$2:$A$301,MATCH(1, ($B$2:$B$301=B29) * ($C$2:$C$301=C29) * ($D$2:$D$301=D29) * ($E$2:$E$301=E29) * ($F$2:$F$301=F29),0)),"yyyy-mm-dd"), "Perlu Klarifikasi" ) )} -> 2024-01-10
A30: 2024-01-10 | B30: DT04 | C30: 5.32 | D30: 7.89 | E30: 35 | F30: 118.77 | G30: {=IF( ISNUMBER(DATEVALUE(A30)), TEXT(DATEVALUE(A30),"yyyy-mm-dd"), IFERROR( TEXT(INDEX($A$2:$A$301,MATCH(1, ($B$2:$B$301=B30) * ($C$2:$C$301=C30) * ($D$2:$D$301=D30) * ($E$2:$E$301=E30) * ($F$2:$F$301=F30),0)),"yyyy-mm-dd"), "Perlu Klarifikasi" ) )} -> 2024-01-10
A31: 2024-01-10 | B31: DT03 | C31: 4.68 | D31: 8.76 | E31: 25 | F31: 59.96 | G31: {=IF( ISNUMBER(DATEVALUE(A31)), TEXT(DATEVALUE(A31),"yyyy-mm-dd"), IFERROR( TEXT(INDEX($A$2:$A$301,MATCH(1, ($B$2:$B$301=B31) * ($C$2:$C$301=C31) * ($D$2:$D$301=D31) * ($E$2:$E$301=E31) * ($F$2:$F$301=F31),0)),"yyyy-mm-dd"), "Perlu Klarifikasi" ) )} -> 2024-01-10
A32: 2024-01-10 | B32: DT03 | C32: 4.68 | D32: 8.76 | E32: 25 | F32: 59.96 | G32: {=IF( ISNUMBER(DATEVALUE(A32)), TEXT(DATEVALUE(A32),"yyyy-mm-dd"), IFERROR( TEXT(INDEX($A$2:$A$301,MATCH(1, ($B$2:$B$301=B32) * ($C$2:$C$301=C32) * ($D$2:$D$301=D32) * ($E$2:$E$301=E32) * ($F$2:$F$301=F32),0)),"yyyy-mm-dd"), "Perlu Klarifikasi" ) )} -> 2024-01-10
A33: 2024-01-10 | B33: DT03 | C33: 6.61 | D33: 12.22 | E33: 39 | F33: 78.21 | G33: {=IF( ISNUMBER(DATEVALUE(A33)), TEXT(DATEVALUE(A33),"yyyy-mm-dd"), IFERROR( TEXT(INDEX($A$2:$A$301,MATCH(1, ($B$2:$B$301=B33) * ($C$2:$C$301=C33) * ($D$2:$D$301=D33) * ($E$2:$E$301=E33) * ($F$2:$F$301=F33),0)),"yyyy-mm-dd"), "Perlu Klarifikasi" ) )} -> 2024-01-10
A34: 2024-01-10 | B34: DT04 | C34: 5.32 | D34: 7.89 | E34: 35 | F34: 118.77 | G34: {=IF( ISNUMBER(DATEVALUE(A34)), TEXT(DATEVALUE(A34),"yyyy-mm-dd"), IFERROR( TEXT(INDEX($A$2:$A$301,MATCH(1, ($B$2:$B$301=B34) * ($C$2:$C$301=C34) * ($D$2:$D$301=D34) * ($E$2:$E$301=E34) * ($F$2:$F$301=F34),0)),"yyyy-mm-dd"), "Perlu Klarifikasi" ) )} -> 2024-01-10
A35: 2024-01-11 | B35: DT01 | C35: 4.05 | D35: 9.03 | E35: 16 | F35: 32.62 | G35: {=IF( ISNUMBER(DATEVALUE(A35)), TEXT(DATEVALUE(A35),"yyyy-mm-dd"), IFERROR( TEXT(INDEX($A$2:$A$301,MATCH(1, ($B$2:$B$301=B35) * ($C$2:$C$301=C35) * ($D$2:$D$301=D35) * ($E$2:$E$301=E35) * ($F$2:$F$301=F35),0)),"yyyy-mm-dd"), "Perlu Klarifikasi" ) )} -> 2024-01-11
A36: 2024-01-11 | B36: DT01 | C36: 4.05 | D36: 9.03 | E36: 16 | F36: 32.62 | G36: {=IF( ISNUMBER(DATEVALUE(A36)), TEXT(DATEVALUE(A36),"yyyy-mm-dd"), IFERROR( TEXT(INDEX($A$2:$A$301,MATCH(1, ($B$2:$B$301=B36) * ($C$2:$C$301=C36) * ($D$2:$D$301=D36) * ($E$2:$E$301=E36) * ($F$2:$F$301=F36),0)),"yyyy-mm-dd"), "Perlu Klarifikasi" ) )} -> 2024-01-11
A37: 2024-01-12 | B37: DT01 | C37: 6.56 | D37: 7.02 | E37: 35 | F37: 71.32 | G37: {=IF( ISNUMBER(DATEVALUE(A37)), TEXT(DATEVALUE(A37),"yyyy-mm-dd"), IFERROR( TEXT(INDEX($A$2:$A$301,MATCH(1, ($B$2:$B$301=B37) * ($C$2:$C$301=C37) * ($D$2:$D$301=D37) * ($E$2:$E$301=E37) * ($F$2:$F$301=F37),0)),"yyyy-mm-dd"), "Perlu Klarifikasi" ) )} -> 2024-01-12
A38: 2024-01-12 | B38: DT01 | C38: 7.97 | D38: 7.7 | E38: 18 | F38: 56.19 | G38: {=IF( ISNUMBER(DATEVALUE(A38)), TEXT(DATEVALUE(A38),"yyyy-mm-dd"), IFERROR( TEXT(INDEX($A$2:$A$301,MATCH(1, ($B$2:$B$301=B38) * ($C$2:$C$301=C38) * ($D$2:$D$301=D38) * ($E$2:$E$301=E38) * ($F$2:$F$301=F38),0)),"yyyy-mm-dd"), "Perlu Klarifikasi" ) )} -> 2024-01-12
A39: 2024-01-12 | B39: DT05 | C39: 4.04 | D39: 5.52 | E39: 30 | F39: 78.6 | G39: {=IF( ISNUMBER(DATEVALUE(A39)), TEXT(DATEVALUE(A39),"yyyy-mm-dd"), IFERROR( TEXT(INDEX($A$2:$A$301,MATCH(1, ($B$2:$B$301=B39) * ($C$2:$C$301=C39) * ($D$2:$D$301=D39) * ($E$2:$E$301=E39) * ($F$2:$F$301=F39),0)),"yyyy-mm-dd"), "Perlu Klarifikasi" ) )} -> 2024-01-12
A40: 2024-01-12 | B40: DT03 | C40: 6.61 | D40: 12.47 | E40: 41 | F40: 137.43 | G40: {=IF( ISNUMBER(DATEVALUE(A40)), TEXT(DATEVALUE(A40),"yyyy-mm-dd"), IFERROR( TEXT(INDEX($A$2:$A$301,MATCH(1, ($B$2:$B$301=B40) * ($C$2:$C$301=C40) * ($D$2:$D$301=D40) * ($E$2:$E$301=E40) * ($F$2:$F$301=F40),0)),"yyyy-mm-dd"), "Perlu Klarifikasi" ) )} -> 2024-01-12
A41: 2024/13/40 | B41: DT01 | C41: 7.97 | D41: 7.7 | E41: 18 | F41: 56.19 | G41: {=IF( ISNUMBER(DATEVALUE(A41)), TEXT(DATEVALUE(A41),"yyyy-mm-dd"), IFERROR( TEXT(INDEX($A$2:$A$301,MATCH(1, ($B$2:$B$301=B41) * ($C$2:$C$301=C41) * ($D$2:$D$301=D41) * ($E$2:$E$301=E41) * ($F$2:$F$301=F41),0)),"yyyy-mm-dd"), "Perlu Klarifikasi" ) )} -> 2024-01-12
... A53: 2024-01-17 | B53: DT04 | C53: 5.02 | D53: 6.06 | E53: 43 | F53: 119.57 | G53: {=IF( ISNUMBER(DATEVALUE(A53)), TEXT(DATEVALUE(A53),"yyyy-mm-dd"), IFERROR( TEXT(INDEX($A$2:$A$301,MATCH(1, ($B$2:$B$301=B53) * ($C$2:$C$301=C53) * ($D$2:$D$301=D53) * ($E$2:$E$301=E53) * ($F$2:$F$301=F53),0)),"yyyy-mm-dd"), "Perlu Klarifikasi" ) )} -> 2024-01-17
A54: 2024-01-17 | B54: DT04 | C54: 7.85 | D54: 9.75 | E54: 36 | F54: =F58 -> 81.66 | G54: {=IF( ISNUMBER(DATEVALUE(A54)), TEXT(DATEVALUE(A54),"yyyy-mm-dd"), IFERROR( TEXT(INDEX($A$2:$A$301,MATCH(1, ($B$2:$B$301=B54) * ($C$2:$C$301=C54) * ($D$2:$D$301=D54) * ($E$2:$E$301=E54) * ($F$2:$F$301=F54),0)),"yyyy-mm-dd"), "Perlu Klarifikasi" ) )} -> 2024-01-17
A55: 2024-01-17 | B55: DT02 | C55: 4.36 | D55: 11.31 | E55: 29 | F55: 56.56 | G55: {=IF( ISNUMBER(DATEVALUE(A55)), TEXT(DATEVALUE(A55),"yyyy-mm-dd"), IFERROR( TEXT(INDEX($A$2:$A$301,MATCH(1, ($B$2:$B$301=B55) * ($C$2:$C$301=C55) * ($D$2:$D$301=D55) * ($E$2:$E$301=E55) * ($F$2:$F$301=F55),0)),"yyyy-mm-dd"), "Perlu Klarifikasi" ) )} -> 2024-01-17
A56: 2024-01-17 | B56: DT04 | C56: 7.85 | D56: 9.75 | E56: 36 | F56: 81.66 | G56: {=IF( ISNUMBER(DATEVALUE(A56)), TEXT(DATEVALUE(A56),"yyyy-mm-dd"), IFERROR( TEXT(INDEX($A$2:$A$301,MATCH(1, ($B$2:$B$301=B56) * ($C$2:$C$301=C56) * ($D$2:$D$301=D56) * ($E$2:$E$301=E56) * ($F$2:$F$301=F56),0)),"yyyy-mm-dd"), "Perlu Klarifikasi" ) )} -> 2024-01-17
A57: 2024-01-17 | B57: DT04 | C57: 5.02 | D57: 6.06 | E57: 43 | F57: 119.57 | G57: {=IF( ISNUMBER(DATEVALUE(A57)), TEXT(DATEVALUE(A57),"yyyy-mm-dd"), IFERROR( TEXT(INDEX($A$2:$A$301,MATCH(1, ($B$2:$B$301=B57) * ($C$2:$C$301=C57) * ($D$2:$D$301=D57) * ($E$2:$E$301=E57) * ($F$2:$F$301=F57),0)),"yyyy-mm-dd"), "Perlu Klarifikasi" ) )} -> 2024-01-17
A58: 2024-01-17 | B58: DT04 | C58: 7.85 | D58: 9.75 | E58: 36 | F58: 81.66 | G58: {=IF( ISNUMBER(DATEVALUE(A58)), TEXT(DATEVALUE(A58),"yyyy-mm-dd"), IFERROR( TEXT(INDEX($A$2:$A$301,MATCH(1, ($B$2:$B$301=B58) * ($C$2:$C$301=C58) * ($D$2:$D$301=D58) * ($E$2:$E$301=E58) * ($F$2:$F$301=F58),0)),"yyyy-mm-dd"), "Perlu Klarifikasi" ) )} -> 2024-01-17
A59: 2024-01-18 | B59: DT04 | C59: 2.96 | D59: 6.6 | E59: 30 | F59: 73.32 | G59: {=IF( ISNUMBER(DATEVALUE(A59)), TEXT(DATEVALUE(A59),"yyyy-mm-dd"), IFERROR( TEXT(INDEX($A$2:$A$301,MATCH(1, ($B$2:$B$301=B59) * ($C$2:$C$301=C59) * ($D$2:$D$301=D59) * ($E$2:$E$301=E59) * ($F$2:$F$301=F59),0)),"yyyy-mm-dd"), "Perlu Klarifikasi" ) )} -> 2024-01-18
A60: 2024-01-18 | B60: DT04 | C60: 2.96 | D60: 6.6 | E60: 30 | F60: 73.32 | G60: {=IF( ISNUMBER(DATEVALUE(A60)), TEXT(DATEVALUE(A60),"yyyy-mm-dd"), IFERROR( TEXT(INDEX($A$2:$A$301,MATCH(1, ($B$2:$B$301=B60) * ($C$2:$C$301=C60) * ($D$2:$D$301=D60) * ($E$2:$E$301=E60) * ($F$2:$F$301=F60),0)),"yyyy-mm-dd"), "Perlu Klarifikasi" ) )} -> 2024-01-18
A61: 2024-01-18 | B61: DT04 | C61: 2.96 | D61: 6.6 | E61: 30 | F61: 73.32 | G61: {=IF( ISNUMBER(DATEVALUE(A61)), TEXT(DATEVALUE(A61),"yyyy-mm-dd"), IFERROR( TEXT(INDEX($A$2:$A$301,MATCH(1, ($B$2:$B$301=B61) * ($C$2:$C$301=C61) * ($D$2:$D$301=D61) * ($E$2:$E$301=E61) * ($F$2:$F$301=F61),0)),"yyyy-mm-dd"), "Perlu Klarifikasi" ) )} -> 2024-01-18
A62: 2024-01-18 | B62: DT04 | C62: 2.96 | D62: 6.6 | E62: 30 | F62: 73.32 | G62: {=IF( ISNUMBER(DATEVALUE(A62)), TEXT(DATEVALUE(A62),"yyyy-mm-dd"), IFERROR( TEXT(INDEX($A$2:$A$301,MATCH(1, ($B$2:$B$301=B62) * ($C$2:$C$301=C62) * ($D$2:$D$301=D62) * ($E$2:$E$301=E62) * ($F$2:$F$301=F62),0)),"yyyy-mm-dd"), "Perlu Klarifikasi" ) )} -> 2024-01-18
A63: 2024-01-18 | B63: DT04 | C63: 2.96 | D63: 6.6 | E63: 30 | F63: 73.32 | G63: {=IF( ISNUMBER(DATEVALUE(A63)), TEXT(DATEVALUE(A63),"yyyy-mm-dd"), IFERROR( TEXT(INDEX($A$2:$A$301,MATCH(1, ($B$2:$B$301=B63) * ($C$2:$C$301=C63) * ($D$2:$D$301=D63) * ($E$2:$E$301=E63) * ($F$2:$F$301=F63),0)),"yyyy-mm-dd"), "Perlu Klarifikasi" ) )} -> 2024-01-18
A64: 2024-01-18 | B64: DT04 | C64: 2.96 | D64: 6.6 | E64: 30 | F64: 73.32 | G64: {=IF( ISNUMBER(DATEVALUE(A64)), TEXT(DATEVALUE(A64),"yyyy-mm-dd"), IFERROR( TEXT(INDEX($A$2:$A$301,MATCH(1, ($B$2:$B$301=B64) * ($C$2:$C$301=C64) * ($D$2:$D$301=D64) * ($E$2:$E$301=E64) * ($F$2:$F$301=F64),0)),"yyyy-mm-dd"), "Perlu Klarifikasi" ) )} -> 2024-01-18
A65: 2024-01-18 | B65: DT04 | C65: 2.96 | D65: 6.6 | E65: 30 | F65: 73.32 | G65: {=IF( ISNUMBER(DATEVALUE(A65)), TEXT(DATEVALUE(A65),"yyyy-mm-dd"), IFERROR( TEXT(INDEX($A$2:$A$301,MATCH(1, ($B$2:$B$301=B65) * ($C$2:$C$301=C65) * ($D$2:$D$301=D65) * ($E$2:$E$301=E65) * ($F$2:$F$301=F65),0)),"yyyy-mm-dd"), "Perlu Klarifikasi" ) )} -> 2024-01-18
A66: 2024-01-20 | B66: DT05 | C66: 5.33 | D66: 7.31 | E66: 8 | F66: 15.8 | G66: {=IF( ISNUMBER(DATEVALUE(A66)), TEXT(DATEVALUE(A66),"yyyy-mm-dd"), IFERROR( TEXT(INDEX($A$2:$A$301,MATCH(1, ($B$2:$B$301=B66) * ($C$2:$C$301=C66) * ($D$2:$D$301=D66) * ($E$2:$E$301=E66) * ($F$2:$F$301=F66),0)),"yyyy-mm-dd"), "Perlu Klarifikasi" ) )} -> 2024-01-20
... A71: 2024-01-21 | B71: DT03 | C71: 5.24 | D71: 9.46 | E71: 18 | F71: 51.6 | G71: {=IF( ISNUMBER(DATEVALUE(A71)), TEXT(DATEVALUE(A71),"yyyy-mm-dd"), IFERROR( TEXT(INDEX($A$2:$A$301,MATCH(1, ($B$2:$B$301=B71) * ($C$2:$C$301=C71) * ($D$2:$D$301=D71) * ($E$2:$E$301=E71) * ($F$2:$F$301=F71),0)),"yyyy-mm-dd"), "Perlu Klarifikasi" ) )} -> 2024-01-21
A72: 2024-01-21 | B72: DT04 | C72: 3.38 | D72: =D69 -> 8.47 | E72: 17 | F72: 44.31 | G72: {=IF( ISNUMBER(DATEVALUE(A72)), TEXT(DATEVALUE(A72),"yyyy-mm-dd"), IFERROR( TEXT(INDEX($A$2:$A$301,MATCH(1, ($B$2:$B$301=B72) * ($C$2:$C$301=C72) * ($D$2:$D$301=D72) * ($E$2:$E$301=E72) * ($F$2:$F$301=F72),0)),"yyyy-mm-dd"), "Perlu Klarifikasi" ) )} -> 2024-01-21
A73: 2024-01-23 | B73: DT05 | C73: 5.94 | D73: 8.99 | E73: 9 | F73: 21.06 | G73: {=IF( ISNUMBER(DATEVALUE(A73)), TEXT(DATEVALUE(A73),"yyyy-mm-dd"), IFERROR( TEXT(INDEX($A$2:$A$301,MATCH(1, ($B$2:$B$301=B73) * ($C$2:$C$301=C73) * ($D$2:$D$301=D73) * ($E$2:$E$301=E73) * ($F$2:$F$301=F73),0)),"yyyy-mm-dd"), "Perlu Klarifikasi" ) )} -> 2024-01-23
A74: 2024-01-23 | B74: DT01 | C74: 6.05 | D74: 7.19 | E74: 19 | F74: 58.83 | G74: {=IF( ISNUMBER(DATEVALUE(A74)), TEXT(DATEVALUE(A74),"yyyy-mm-dd"), IFERROR( TEXT(INDEX($A$2:$A$301,MATCH(1, ($B$2:$B$301=B74) * ($C$2:$C$301=C74) * ($D$2:$D$301=D74) * ($E$2:$E$301=E74) * ($F$2:$F$301=F74),0)),"yyyy-mm-dd"), "Perlu Klarifikasi" ) )} -> 2024-01-23
A75: 2024-01-23 | B75: {=IF( Hauling!B74<>"", Hauling!B74, IFERROR( INDEX($B$2:$B$301, MATCH(1, ($C$2:$C$301=Hauling!C74) * ($D$2:$D$301=Hauling!D74) * ($E$2:$E$301=Hauling!E74) * ($F$2:$F$301=Hauling!F74), 0)), "Perlu Klarifikasi") )} -> DT05 | C75: 5.94 | D75: 8.99 | E75: 9 | F75: 21.06 | G75: {=IF( ISNUMBER(DATEVALUE(A75)), TEXT(DATEVALUE(A75),"yyyy-mm-dd"), IFERROR( TEXT(INDEX($A$2:$A$301,MATCH(1, ($B$2:$B$301=B75) * ($C$2:$C$301=C75) * ($D$2:$D$301=D75) * ($E$2:$E$301=E75) * ($F$2:$F$301=F75),0)),"yyyy-mm-dd"), "Perlu Klarifikasi" ) )} -> 2024-01-23
A76: 2024-01-23 | B76: DT01 | C76: 6.05 | D76: 7.19 | E76: 19 | F76: 58.83 | G76: {=IF( ISNUMBER(DATEVALUE(A76)), TEXT(DATEVALUE(A76),"yyyy-mm-dd"), IFERROR( TEXT(INDEX($A$2:$A$301,MATCH(1, ($B$2:$B$301=B76) * ($C$2:$C$301=C76) * ($D$2:$D$301=D76) * ($E$2:$E$301=E76) * ($F$2:$F$301=F76),0)),"yyyy-mm-dd"), "Perlu Klarifikasi" ) )} -> 2024-01-23
A77: 2024-01-24 | B77: DT03 | C77: 7.97 | D77: 7.52 | E77: 23 | F77: 54.97 | G77: {=IF( ISNUMBER(DATEVALUE(A77)), TEXT(DATEVALUE(A77),"yyyy-mm-dd"), IFERROR( TEXT(INDEX($A$2:$A$301,MATCH(1, ($B$2:$B$301=B77) * ($C$2:$C$301=C77) * ($D$2:$D$301=D77) * ($E$2:$E$301=E77) * ($F$2:$F$301=F77),0)),"yyyy-mm-dd"), "Perlu Klarifikasi" ) )} -> 2024-01-24
A78: 2024-01-24 | B78: DT02 | C78: 2.09 | D78: 10.22 | E78: 40 | F78: 118.19 | G78: {=IF( ISNUMBER(DATEVALUE(A78)), TEXT(DATEVALUE(A78),"yyyy-mm-dd"), IFERROR( TEXT(INDEX($A$2:$A$301,MATCH(1, ($B$2:$B$301=B78) * ($C$2:$C$301=C78) * ($D$2:$D$301=D78) * ($E$2:$E$301=E78) * ($F$2:$F$301=F78),0)),"yyyy-mm-dd"), "Perlu Klarifikasi" ) )} -> 2024-01-24
A79: 2024-01-24 | B79: DT02 | C79: 2.09 | D79: 10.22 | E79: 40 | F79: 118.19 | G79: {=IF( ISNUMBER(DATEVALUE(A79)), TEXT(DATEVALUE(A79),"yyyy-mm-dd"), IFERROR( TEXT(INDEX($A$2:$A$301,MATCH(1, ($B$2:$B$301=B79) * ($C$2:$C$301=C79) * ($D$2:$D$301=D79) * ($E$2:$E$301=E79) * ($F$2:$F$301=F79),0)),"yyyy-mm-dd"), "Perlu Klarifikasi" ) )} -> 2024-01-24
A80: 2024-01-24 | B80: DT03 | C80: 7.97 | D80: 7.52 | E80: 23 | F80: 54.97 | G80: {=IF( ISNUMBER(DATEVALUE(A80)), TEXT(DATEVALUE(A80),"yyyy-mm-dd"), IFERROR( TEXT(INDEX($A$2:$A$301,MATCH(1, ($B$2:$B$301=B80) * ($C$2:$C$301=C80) * ($D$2:$D$301=D80) * ($E$2:$E$301=E80) * ($F$2:$F$301=F80),0)),"yyyy-mm-dd"), "Perlu Klarifikasi" ) )} -> 2024-01-24
A81: 2024-01-24 | B81: DT03 | C81: 7.97 | D81: 7.52 | E81: 23 | F81: 54.97 | G81: {=IF( ISNUMBER(DATEVALUE(A81)), TEXT(DATEVALUE(A81),"yyyy-mm-dd"), IFERROR( TEXT(INDEX($A$2:$A$301,MATCH(1, ($B$2:$B$301=B81) * ($C$2:$C$301=C81) * ($D$2:$D$301=D81) * ($E$2:$E$301=E81) * ($F$2:$F$301=F81),0)),"yyyy-mm-dd"), "Perlu Klarifikasi" ) )} -> 2024-01-24
A82: 2024-01-25 | B82: DT03 | C82: 4.48 | D82: 10.12 | E82: 37 | F82: 94.68 | G82: {=IF( ISNUMBER(DATEVALUE(A82)), TEXT(DATEVALUE(A82),"yyyy-mm-dd"), IFERROR( TEXT(INDEX($A$2:$A$301,MATCH(1, ($B$2:$B$301=B82) * ($C$2:$C$301=C82) * ($D$2:$D$301=D82) * ($E$2:$E$301=E82) * ($F$2:$F$301=F82),0)),"yyyy-mm-dd"), "Perlu Klarifikasi" ) )} -> 2024-01-25
A83: 2024-01-25 | B83: DT02 | C83: 4.89 | D83: 14.96 | E83: 41 | F83: 137.61 | G83: {=IF( ISNUMBER(DATEVALUE(A83)), TEXT(DATEVALUE(A83),"yyyy-mm-dd"), IFERROR( TEXT(INDEX($A$2:$A$301,MATCH(1, ($B$2:$B$301=B83) * ($C$2:$C$301=C83) * ($D$2:$D$301=D83) * ($E$2:$E$301=E83) * ($F$2:$F$301=F83),0)),"yyyy-mm-dd"), "Perlu Klarifikasi" ) )} -> 2024-01-25
A84: 2024-01-25 | B84: DT02 | C84: 4.89 | D84: 14.96 | E84: 41 | F84: 137.61 | G84: {=IF( ISNUMBER(DATEVALUE(A84)), TEXT(DATEVALUE(A84),"yyyy-mm-dd"), IFERROR( TEXT(INDEX($A$2:$A$301,MATCH(1, ($B$2:$B$301=B84) * ($C$2:$C$301=C84) * ($D$2:$D$301=D84) * ($E$2:$E$301=E84) * ($F$2:$F$301=F84),0)),"yyyy-mm-dd"), "Perlu Klarifikasi" ) )} -> 2024-01-25
A85: 2024-01-25 | B85: DT03 | C85: 4.48 | D85: 10.12 | E85: 37 | F85: 94.68 | G85: {=IF( ISNUMBER(DATEVALUE(A85)), TEXT(DATEVALUE(A85),"yyyy-mm-dd"), IFERROR( TEXT(INDEX($A$2:$A$301,MATCH(1, ($B$2:$B$301=B85) * ($C$2:$C$301=C85) * ($D$2:$D$301=D85) * ($E$2:$E$301=E85) * ($F$2:$F$301=F85),0)),"yyyy-mm-dd"), "Perlu Klarifikasi" ) )} -> 2024-01-25
A86: 2024-01-25 | B86: DT03 | C86: 4.48 | D86: 10.12 | E86: 37 | F86: 94.68 | G86: {=IF( ISNUMBER(DATEVALUE(A86)), TEXT(DATEVALUE(A86),"yyyy-mm-dd"), IFERROR( TEXT(INDEX($A$2:$A$301,MATCH(1, ($B$2:$B$301=B86) * ($C$2:$C$301=C86) * ($D$2:$D$301=D86) * ($E$2:$E$301=E86) * ($F$2:$F$301=F86),0)),"yyyy-mm-dd"), "Perlu Klarifikasi" ) )} -> 2024-01-25
A87: 2024-01-25 | B87: =B88 -> DT02 | C87: 7.65 | D87: 5.46 | E87: 45 | F87: 83.1 | G87: {=IF( ISNUMBER(DATEVALUE(A87)), TEXT(DATEVALUE(A87),"yyyy-mm-dd"), IFERROR( TEXT(INDEX($A$2:$A$301,MATCH(1, ($B$2:$B$301=B87) * ($C$2:$C$301=C87) * ($D$2:$D$301=D87) * ($E$2:$E$301=E87) * ($F$2:$F$301=F87),0)),"yyyy-mm-dd"), "Perlu Klarifikasi" ) )} -> 2024-01-25
A88: 2024-01-25 | B88: DT02 | C88: 5.66 | D88: 5.06 | E88: 26 | F88: 66.46 | G88: {=IF( ISNUMBER(DATEVALUE(A88)), TEXT(DATEVALUE(A88),"yyyy-mm-dd"), IFERROR( TEXT(INDEX($A$2:$A$301,MATCH(1, ($B$2:$B$301=B88) * ($C$2:$C$301=C88) * ($D$2:$D$301=D88) * ($E$2:$E$301=E88) * ($F$2:$F$301=F88),0)),"yyyy-mm-dd"), "Perlu Klarifikasi" ) )} -> 2024-01-25
A89: 2024/13/40 | B89: DT03 | C89: =MEDIAN(C2:C88,C90:C301) -> 4.94 | D89: 9.03 | E89: 21 | F89: 47.13 | G89: {=TEXT( MEDIAN( IF( ($B$2:$B$301=B89) * ISNUMBER(DATEVALUE($A$2:$A$301)), DATEVALUE($A$2:$A$301) ) ), "yyyy-mm-dd" )} -> 2024-01-25
A90: 2024-01-27 | B90: DT01 | C90: 6.41 | D90: 6.49 | E90: 31 | F90: 61.35 | G90: {=IF( ISNUMBER(DATEVALUE(A90)), TEXT(DATEVALUE(A90),"yyyy-mm-dd"), IFERROR( TEXT(INDEX($A$2:$A$301,MATCH(1, ($B$2:$B$301=B90) * ($C$2:$C$301=C90) * ($D$2:$D$301=D90) * ($E$2:$E$301=E90) * ($F$2:$F$301=F90),0)),"yyyy-mm-dd"), "Perlu Klarifikasi" ) )} -> 2024-01-27
A91: 2024-01-27 | B91: DT01 | C91: 6.41 | D91: 6.49 | E91: 31 | F91: 61.35 | G91: {=IF( ISNUMBER(DATEVALUE(A91)), TEXT(DATEVALUE(A91),"yyyy-mm-dd"), IFERROR( TEXT(INDEX($A$2:$A$301,MATCH(1, ($B$2:$B$301=B91) * ($C$2:$C$301=C91) * ($D$2:$D$301=D91) * ($E$2:$E$301=E91) * ($F$2:$F$301=F91),0)),"yyyy-mm-dd"), "Perlu Klarifikasi" ) )} -> 2024-01-27
A92: 2024-01-28 | B92: DT05 | C92: 6.9 | D92: 14.54 | E92: 34 | F92: 80.61 | G92: {=IF( ISNUMBER(DATEVALUE(A92)), TEXT(DATEVALUE(A92),"yyyy-mm-dd"), IFERROR( TEXT(INDEX($A$2:$A$301,MATCH(1, ($B$2:$B$301=B92) * ($C$2:$C$301=C92) * ($D$2:$D$301=D92) * ($E$2:$E$301=E92) * ($F$2:$F$301=F92),0)),"yyyy-mm-dd"), "Perlu Klarifikasi" ) )} -> 2024-01-28
A93: 2024-01-28 | B93: DT01 | C93: 7.45 | D93: 13.52 | E93: 15 | F93: 27.7 | G93: {=IF( ISNUMBER(DATEVALUE(A93)), TEXT(DATEVALUE(A93),"yyyy-mm-dd"), IFERROR( TEXT(INDEX($A$2:$A$301,MATCH(1, ($B$2:$B$301=B93) * ($C$2:$C$301=C93) * ($D$2:$D$301=D93) * ($E$2:$E$301=E93) * ($F$2:$F$301=F93),0)),"yyyy-mm-dd"), "Perlu Klarifikasi" ) )} -> 2024-01-28
A94: 2024-01-28 | B94: DT05 | C94: 6.9 | D94: 14.54 | E94: 34 | F94: 80.61 | G94: {=IF( ISNUMBER(DATEVALUE(A94)), TEXT(DATEVALUE(A94),"yyyy-mm-dd"), IFERROR( TEXT(INDEX($A$2:$A$301,MATCH(1, ($B$2:$B$301=B94) * ($C$2:$C$301=C94) * ($D$2:$D$301=D94) * ($E$2:$E$301=E94) * ($F$2:$F$301=F94),0)),"yyyy-mm-dd"), "Perlu Klarifikasi" ) )} -> 2024-01-28
A95: 2024-01-28 | B95: DT01 | C95: 7.45 | D95: 13.52 | E95: 15 | F95: 27.7 | G95: {=IF( ISNUMBER(DATEVALUE(A95)), TEXT(DATEVALUE(A95),"yyyy-mm-dd"), IFERROR( TEXT(INDEX($A$2:$A$301,MATCH(1, ($B$2:$B$301=B95) * ($C$2:$C$301=C95) * ($D$2:$D$301=D95) * ($E$2:$E$301=E95) * ($F$2:$F$301=F95),0)),"yyyy-mm-dd"), "Perlu Klarifikasi" ) )} -> 2024-01-28
A96: 2024-01-28 | B96: DT01 | C96: 7.45 | D96: 13.52 | E96: 15 | F96: 27.7 | G96: {=IF( ISNUMBER(DATEVALUE(A96)), TEXT(DATEVALUE(A96),"yyyy-mm-dd"), IFERROR( TEXT(INDEX($A$2:$A$301,MATCH(1, ($B$2:$B$301=B96) * ($C$2:$C$301=C96) * ($D$2:$D$301=D96) * ($E$2:$E$301=E96) * ($F$2:$F$301=F96),0)),"yyyy-mm-dd"), "Perlu Klarifikasi" ) )} -> 2024-01-28
A97: 2024-01-28 | B97: DT01 | C97: 7.45 | D97: 13.52 | E97: 15 | F97: 27.7 | G97: {=IF( ISNUMBER(DATEVALUE(A97)), TEXT(DATEVALUE(A97),"yyyy-mm-dd"), IFERROR( TEXT(INDEX($A$2:$A$301,MATCH(1, ($B$2:$B$301=B97) * ($C$2:$C$301=C97) * ($D$2:$D$301=D97) * ($E$2:$E$301=E97) * ($F$2:$F$301=F97),0)),"yyyy-mm-dd"), "Perlu Klarifikasi" ) )} -> 2024-01-28
A98: 2024-01-30 | B98: DT04 | C98: 7.57 | D98: 7.78 | E98: 41 | F98: 123.39 | G98: {=IF( ISNUMBER(DATEVALUE(A98)), TEXT(DATEVALUE(A98),"yyyy-mm-dd"), IFERROR( TEXT(INDEX($A$2:$A$301,MATCH(1, ($B$2:$B$301=B98) * ($C$2:$C$301=C98) * ($D$2:$D$301=D98) * ($E$2:$E$301=E98) * ($F$2:$F$301=F98),0)),"yyyy-mm-dd"), "Perlu Klarifikasi" ) )} -> 2024-01-30
A99: 2024-01-30 | B99: DT04 | C99: 7.57 | D99: 7.78 | E99: 41 | F99: 123.39 | G99: {=IF( ISNUMBER(DATEVALUE(A99)), TEXT(DATEVALUE(A99),"yyyy-mm-dd"), IFERROR( TEXT(INDEX($A$2:$A$301,MATCH(1, ($B$2:$B$301=B99) * ($C$2:$C$301=C99) * ($D$2:$D$301=D99) * ($E$2:$E$301=E99) * ($F$2:$F$301=F99),0)),"yyyy-mm-dd"), "Perlu Klarifikasi" ) )} -> 2024-01-30
A100: 2024-01-31 | B100: DT01 | C100: 3.5 | D100: 6.05 | E100: 38 | F100: 113.4 | G100: {=IF( ISNUMBER(DATEVALUE(A100)), TEXT(DATEVALUE(A100),"yyyy-mm-dd"), IFERROR( TEXT(INDEX($A$2:$A$301,MATCH(1, ($B$2:$B$301=B100) * ($C$2:$C$301=C100) * ($D$2:$D$301=D100) * ($E$2:$E$301=E100) * ($F$2:$F$301=F100),0)),"yyyy-mm-dd"), "Perlu Klarifikasi" ) )} -> 2024-01-31
A101: 2024-01-31 | B101: DT01 | C101: 3.5 | D101: 6.05 | E101: 38 | F101: 113.4 | G101: {=IF( ISNUMBER(DATEVALUE(A101)), TEXT(DATEVALUE(A101),"yyyy-mm-dd"), IFERROR( TEXT(INDEX($A$2:$A$301,MATCH(1, ($B$2:$B$301=B101) * ($C$2:$C$301=C101) * ($D$2:$D$301=D101) * ($E$2:$E$301=E101) * ($F$2:$F$301=F101),0)),"yyyy-mm-dd"), "Perlu Klarifikasi" ) )} -> 2024-01-31
... A107: 2024/13/40 | B107: DT01 | C107: 7.82 | D107: 6.35 | E107: 37 | F107: 89.95 | G107: {=IF( ISNUMBER(DATEVALUE(A107)), TEXT(DATEVALUE(A107),"yyyy-mm-dd"), IFERROR( TEXT(INDEX($A$2:$A$301,MATCH(1, ($B$2:$B$301=B107) * ($C$2:$C$301=C107) * ($D$2:$D$301=D107) * ($E$2:$E$301=E107) * ($F$2:$F$301=F107),0)),"yyyy-mm-dd"), "Perlu Klarifikasi" ) )} -> 2024-02-01
B108: DT01 | C108: 7.82 | D108: 6.35 | E108: 37 | F108: 89.95 | G108: {=IF( ISNUMBER(DATEVALUE(A108)), TEXT(DATEVALUE(A108),"yyyy-mm-dd"), IFERROR( TEXT(INDEX($A$2:$A$301,MATCH(1, ($B$2:$B$301=B108) * ($C$2:$C$301=C108) * ($D$2:$D$301=D108) * ($E$2:$E$301=E108) * ($F$2:$F$301=F108),0)),"yyyy-mm-dd"), "Perlu Klarifikasi" ) )} -> 2024-02-01
A109: 2024-02-02 | B109: DT04 | C109: 5.51 | D109: 14.68 | E109: 31 | F109: 90.78 | G109: {=IF( ISNUMBER(DATEVALUE(A109)), TEXT(DATEVALUE(A109),"yyyy-mm-dd"), IFERROR( TEXT(INDEX($A$2:$A$301,MATCH(1, ($B$2:$B$301=B109) * ($C$2:$C$301=C109) * ($D$2:$D$301=D109) * ($E$2:$E$301=E109) * ($F$2:$F$301=F109),0)),"yyyy-mm-dd"), "Perlu Klarifikasi" ) )} -> 2024-02-02
A110: 2024-02-02 | B110: DT04 | C110: 5.51 | D110: 14.68 | E110: 31 | F110: 90.78 | G110: {=IF( ISNUMBER(DATEVALUE(A110)), TEXT(DATEVALUE(A110),"yyyy-mm-dd"), IFERROR( TEXT(INDEX($A$2:$A$301,MATCH(1, ($B$2:$B$301=B110) * ($C$2:$C$301=C110) * ($D$2:$D$301=D110) * ($E$2:$E$301=E110) * ($F$2:$F$301=F110),0)),"yyyy-mm-dd"), "Perlu Klarifikasi" ) )} -> 2024-02-02
A111: 2024-02-02 | B111: DT04 | C111: 5.51 | D111: 14.68 | E111: 31 | F111: 90.78 | G111: {=IF( ISNUMBER(DATEVALUE(A111)), TEXT(DATEVALUE(A111),"yyyy-mm-dd"), IFERROR( TEXT(INDEX($A$2:$A$301,MATCH(1, ($B$2:$B$301=B111) * ($C$2:$C$301=C111) * ($D$2:$D$301=D111) * ($E$2:$E$301=E111) * ($F$2:$F$301=F111),0)),"yyyy-mm-dd"), "Perlu Klarifikasi" ) )} -> 2024-02-02
A112: 2024-02-02 | B112: DT04 | C112: 5.51 | D112: 14.68 | E112: 31 | F112: 90.78 | G112: {=IF( ISNUMBER(DATEVALUE(A112)), TEXT(DATEVALUE(A112),"yyyy-mm-dd"), IFERROR( TEXT(INDEX($A$2:$A$301,MATCH(1, ($B$2:$B$301=B112) * ($C$2:$C$301=C112) * ($D$2:$D$301=D112) * ($E$2:$E$301=E112) * ($F$2:$F$301=F112),0)),"yyyy-mm-dd"), "Perlu Klarifikasi" ) )} -> 2024-02-02
A113: 2024-02-03 | B113: DT03 | C113: 5.49 | D113: 14.12 | E113: 9 | F113: 22.64 | G113: {=IF( ISNUMBER(DATEVALUE(A113)), TEXT(DATEVALUE(A113),"yyyy-mm-dd"), IFERROR( TEXT(INDEX($A$2:$A$301,MATCH(1, ($B$2:$B$301=B113) * ($C$2:$C$301=C113) * ($D$2:$D$301=D113) * ($E$2:$E$301=E113) * ($F$2:$F$301=F113),0)),"yyyy-mm-dd"), "Perlu Klarifikasi" ) )} -> 2024-02-03
A114: 2024-02-03 | B114: DT03 | C114: 5.49 | D114: 14.12 | E114: 9 | F114: 22.64 | G114: {=IF( ISNUMBER(DATEVALUE(A114)), TEXT(DATEVALUE(A114),"yyyy-mm-dd"), IFERROR( TEXT(INDEX($A$2:$A$301,MATCH(1, ($B$2:$B$301=B114) * ($C$2:$C$301=C114) * ($D$2:$D$301=D114) * ($E$2:$E$301=E114) * ($F$2:$F$301=F114),0)),"yyyy-mm-dd"), "Perlu Klarifikasi" ) )} -> 2024-02-03
A115: 2024/13/40 | B115: DT04 | C115: 4.89 | D115: 14.4 | E115: 17 | F115: 47.53 | G115: {=TEXT( MEDIAN( IF( ($B$2:$B$301=B115) * ISNUMBER(DATEVALUE($A$2:$A$301)), DATEVALUE($A$2:$A$301) ) ), "yyyy-mm-dd" )} -> 2024-02-03
A116: 2024-02-04 | B116: DT04 | C116: 7.43 | D116: 11.04 | E116: 30 | F116: 68.6 | G116: {=IF( ISNUMBER(DATEVALUE(A116)), TEXT(DATEVALUE(A116),"yyyy-mm-dd"), IFERROR( TEXT(INDEX($A$2:$A$301,MATCH(1, ($B$2:$B$301=B116) * ($C$2:$C$301=C116) * ($D$2:$D$301=D116) * ($E$2:$E$301=E116) * ($F$2:$F$301=F116),0)),"yyyy-mm-dd"), "Perlu Klarifikasi" ) )} -> 2024-02-04
A117: 2024-02-04 | B117: DT03 | C117: 3.01 | D117: 7.02 | E117: 38 | F117: 88.39 | G117: {=IF( ISNUMBER(DATEVALUE(A117)), TEXT(DATEVALUE(A117),"yyyy-mm-dd"), IFERROR( TEXT(INDEX($A$2:$A$301,MATCH(1, ($B$2:$B$301=B117) * ($C$2:$C$301=C117) * ($D$2:$D$301=D117) * ($E$2:$E$301=E117) * ($F$2:$F$301=F117),0)),"yyyy-mm-dd"), "Perlu Klarifikasi" ) )} -> 2024-02-04
A118: 2024/13/40 | B118: DT03 | C118: 3.01 | D118: 7.02 | E118: 38 | F118: 88.39 | G118: {=IF( ISNUMBER(DATEVALUE(A118)), TEXT(DATEVALUE(A118),"yyyy-mm-dd"), IFERROR( TEXT(INDEX($A$2:$A$301,MATCH(1, ($B$2:$B$301=B118) * ($C$2:$C$301=C118) * ($D$2:$D$301=D118) * ($E$2:$E$301=E118) * ($F$2:$F$301=F118),0)),"yyyy-mm-dd"), "Perlu Klarifikasi" ) )} -> 2024-02-04
A119: 2024-02-05 | B119: DT04 | C119: 2.42 | D119: 13.1 | E119: 35 | F119: 67.98 | G119: {=IF( ISNUMBER(DATEVALUE(A119)), TEXT(DATEVALUE(A119),"yyyy-mm-dd"), IFERROR( TEXT(INDEX($A$2:$A$301,MATCH(1, ($B$2:$B$301=B119) * ($C$2:$C$301=C119) * ($D$2:$D$301=D119) * ($E$2:$E$301=E119) * ($F$2:$F$301=F119),0)),"yyyy-mm-dd"), "Perlu Klarifikasi" ) )} -> 2024-02-05
A120: 2024-02-05 | B120: DT01 | C120: 5.18 | D120: 14.8 | E120: 29 | F120: 54.96 | G120: {=IF( ISNUMBER(DATEVALUE(A120)), TEXT(DATEVALUE(A120),"yyyy-mm-dd"), IFERROR( TEXT(INDEX($A$2:$A$301,MATCH(1, ($B$2:$B$301=B120) * ($C$2:$C$301=C120) * ($D$2:$D$301=D120) * ($E$2:$E$301=E120) * ($F$2:$F$301=F120),0)),"yyyy-mm-dd"), "Perlu Klarifikasi" ) )} -> 2024-02-05
A121: 2024-02-05 | B121: DT01 | C121: 5.18 | D121: 14.8 | E121: 29 | F121: 54.96 | G121: {=IF( ISNUMBER(DATEVALUE(A121)), TEXT(DATEVALUE(A121),"yyyy-mm-dd"), IFERROR( TEXT(INDEX($A$2:$A$301,MATCH(1, ($B$2:$B$301=B121) * ($C$2:$C$301=C121) * ($D$2:$D$301=D121) * ($E$2:$E$301=E121) * ($F$2:$F$301=F121),0)),"yyyy-mm-dd"), "Perlu Klarifikasi" ) )} -> 2024-02-05
A122: 2024-02-05 | B122: DT04 | C122: 2.42 | D122: 13.1 | E122: 35 | F122: 67.98 | G122: {=IF( ISNUMBER(DATEVALUE(A122)), TEXT(DATEVALUE(A122),"yyyy-mm-dd"), IFERROR( TEXT(INDEX($A$2:$A$301,MATCH(1, ($B$2:$B$301=B122) * ($C$2:$C$301=C122) * ($D$2:$D$301=D122) * ($E$2:$E$301=E122) * ($F$2:$F$301=F122),0)),"yyyy-mm-dd"), "Perlu Klarifikasi" ) )} -> 2024-02-05
A123: 2024-02-06 | B123: DT05 | C123: 4.31 | D123: 13.9 | E123: 30 | F123: 70.42 | G123: {=IF( ISNUMBER(DATEVALUE(A123)), TEXT(DATEVALUE(A123),"yyyy-mm-dd"), IFERROR( TEXT(INDEX($A$2:$A$301,MATCH(1, ($B$2:$B$301=B123) * ($C$2:$C$301=C123) * ($D$2:$D$301=D123) * ($E$2:$E$301=E123) * ($F$2:$F$301=F123),0)),"yyyy-mm-dd"), "Perlu Klarifikasi" ) )} -> 2024-02-06
A124: 2024-02-06 | B124: DT03 | C124: 6.48 | D124: 9.19 | E124: 8 | F124: 25.67 | G124: {=IF( ISNUMBER(DATEVALUE(A124)), TEXT(DATEVALUE(A124),"yyyy-mm-dd"), IFERROR( TEXT(INDEX($A$2:$A$301,MATCH(1, ($B$2:$B$301=B124) * ($C$2:$C$301=C124) * ($D$2:$D$301=D124) * ($E$2:$E$301=E124) * ($F$2:$F$301=F124),0)),"yyyy-mm-dd"), "Perlu Klarifikasi" ) )} -> 2024-02-06
A125: 2024-02-06 | B125: DT04 | C125: 5.26 | D125: 5.37 | E125: 34 | F125: 99.25 | G125: {=IF( ISNUMBER(DATEVALUE(A125)), TEXT(DATEVALUE(A125),"yyyy-mm-dd"), IFERROR( TEXT(INDEX($A$2:$A$301,MATCH(1, ($B$2:$B$301=B125) * ($C$2:$C$301=C125) * ($D$2:$D$301=D125) * ($E$2:$E$301=E125) * ($F$2:$F$301=F125),0)),"yyyy-mm-dd"), "Perlu Klarifikasi" ) )} -> 2024-02-06
A126: 2024-02-06 | B126: DT04 | C126: 5.26 | D126: 5.37 | E126: 34 | F126: 99.25 | G126: {=IF( ISNUMBER(DATEVALUE(A126)), TEXT(DATEVALUE(A126),"yyyy-mm-dd"), IFERROR( TEXT(INDEX($A$2:$A$301,MATCH(1, ($B$2:$B$301=B126) * ($C$2:$C$301=C126) * ($D$2:$D$301=D126) * ($E$2:$E$301=E126) * ($F$2:$F$301=F126),0)),"yyyy-mm-dd"), "Perlu Klarifikasi" ) )} -> 2024-02-06
A127: 2024-02-06 | B127: DT03 | C127: 6.48 | D127: 9.19 | E127: 8 | F127: 25.67 | G127: {=IF( ISNUMBER(DATEVALUE(A127)), TEXT(DATEVALUE(A127),"yyyy-mm-dd"), IFERROR( TEXT(INDEX($A$2:$A$301,MATCH(1, ($B$2:$B$301=B127) * ($C$2:$C$301=C127) * ($D$2:$D$301=D127) * ($E$2:$E$301=E127) * ($F$2:$F$301=F127),0)),"yyyy-mm-dd"), "Perlu Klarifikasi" ) )} -> 2024-02-06
... A133: 2024-02-06 | B133: DT01 | C133: 2.66 | D133: 11.77 | E133: 25 | F133: 71.79 | G133: {=IF( ISNUMBER(DATEVALUE(A133)), TEXT(DATEVALUE(A133),"yyyy-mm-dd"), IFERROR( TEXT(INDEX($A$2:$A$301,MATCH(1, ($B$2:$B$301=B133) * ($C$2:$C$301=C133) * ($D$2:$D$301=D133) * ($E$2:$E$301=E133) * ($F$2:$F$301=F133),0)),"yyyy-mm-dd"), "Perlu Klarifikasi" ) )} -> 2024-02-06
B134: DT04 | C134: 5.26 | D134: 5.37 | E134: 34 | F134: 99.25 | G134: {=IF( ISNUMBER(DATEVALUE(A134)), TEXT(DATEVALUE(A134),"yyyy-mm-dd"), IFERROR( TEXT(INDEX($A$2:$A$301,MATCH(1, ($B$2:$B$301=B134) * ($C$2:$C$301=C134) * ($D$2:$D$301=D134) * ($E$2:$E$301=E134) * ($F$2:$F$301=F134),0)),"yyyy-mm-dd"), "Perlu Klarifikasi" ) )} -> 2024-02-06
A135: 2024-02-07 | B135: DT03 | C135: 4.99 | D135: 6.92 | E135: 27 | F135: 90.23 | G135: {=IF( ISNUMBER(DATEVALUE(A135)), TEXT(DATEVALUE(A135),"yyyy-mm-dd"), IFERROR( TEXT(INDEX($A$2:$A$301,MATCH(1, ($B$2:$B$301=B135) * ($C$2:$C$301=C135) * ($D$2:$D$301=D135) * ($E$2:$E$301=E135) * ($F$2:$F$301=F135),0)),"yyyy-mm-dd"), "Perlu Klarifikasi" ) )} -> 2024-02-07
A136: 2024-02-08 | B136: DT02 | C136: 5.09 | D136: 8.19 | E136: 45 | F136: 133.29 | G136: {=IF( ISNUMBER(DATEVALUE(A136)), TEXT(DATEVALUE(A136),"yyyy-mm-dd"), IFERROR( TEXT(INDEX($A$2:$A$301,MATCH(1, ($B$2:$B$301=B136) * ($C$2:$C$301=C136) * ($D$2:$D$301=D136) * ($E$2:$E$301=E136) * ($F$2:$F$301=F136),0)),"yyyy-mm-dd"), "Perlu Klarifikasi" ) )} -> 2024-02-08
A137: 2024-02-08 | B137: DT02 | C137: 6.06 | D137: 10.41 | E137: 27 | F137: 89.6 | G137: {=IF( ISNUMBER(DATEVALUE(A137)), TEXT(DATEVALUE(A137),"yyyy-mm-dd"), IFERROR( TEXT(INDEX($A$2:$A$301,MATCH(1, ($B$2:$B$301=B137) * ($C$2:$C$301=C137) * ($D$2:$D$301=D137) * ($E$2:$E$301=E137) * ($F$2:$F$301=F137),0)),"yyyy-mm-dd"), "Perlu Klarifikasi" ) )} -> 2024-02-08
A138: 2024-02-08 | B138: DT03 | C138: 5.97 | D138: 14.03 | E138: 32 | F138: 108.8 | G138: {=IF( ISNUMBER(DATEVALUE(A138)), TEXT(DATEVALUE(A138),"yyyy-mm-dd"), IFERROR( TEXT(INDEX($A$2:$A$301,MATCH(1, ($B$2:$B$301=B138) * ($C$2:$C$301=C138) * ($D$2:$D$301=D138) * ($E$2:$E$301=E138) * ($F$2:$F$301=F138),0)),"yyyy-mm-dd"), "Perlu Klarifikasi" ) )} -> 2024-02-08
A139: 2024-02-08 | B139: DT02 | C139: 5.09 | D139: 8.19 | E139: 45 | F139: 133.29 | G139: {=IF( ISNUMBER(DATEVALUE(A139)), TEXT(DATEVALUE(A139),"yyyy-mm-dd"), IFERROR( TEXT(INDEX($A$2:$A$301,MATCH(1, ($B$2:$B$301=B139) * ($C$2:$C$301=C139) * ($D$2:$D$301=D139) * ($E$2:$E$301=E139) * ($F$2:$F$301=F139),0)),"yyyy-mm-dd"), "Perlu Klarifikasi" ) )} -> 2024-02-08
...

Sheet Hauling_Unik
A1: Tanggal | B1: Dump_Truck | C1: Distance_km | D1: Cycle_Time_min | E1: Ritase | F1: Fuel_Usage_L | G1: Normalisasi_Tanggal | H1: Fuel_Ratio | I1: Cycle_Time_Cat
A2: 2024-01-01 | B2: DT03 | C2: 3.85 | D2: 8.63 | E2: 27 | F2: 85.69 | G2: 2024-01-01 | H2: =F2/E2 -> 3.1737037 | I2: =IF(D2>10,"Abnormal","Normal") -> Normal
A3: 2024-01-03 | B3: DT03 | C3: 3.86 | D3: 9.33 | E3: 43 | F3: 135.67 | G3: 2024-01-03 | H3: =F3/E3 -> 3.1551163 | I3: =IF(D3>10,"Abnormal","Normal") -> Normal
A4: 2024-01-03 | B4: DT01 | C4: 6.1 | D4: 11.43 | E4: 20 | F4: 50.09 | G4: 2024-01-03 | H4: =F4/E4 -> 2.5045 | I4: =IF(D4>10,"Abnormal","Normal") -> Abnormal
A5: 2024-01-04 | B5: DT02 | C5: 4.94 | D5: 8.73 | E5: 42 | F5: 118.19 | G5: 2024-01-04 | H5: =F5/E5 -> 2.8140476 | I5: =IF(D5>10,"Abnormal","Normal") -> Normal
A6: 2024-01-04 | B6: DT05 | C6: 4.08 | D6: 5.88 | E6: 32 | F6: 103.67 | G6: 2024-01-04 | H6: =F6/E6 -> 3.2396875 | I6: =IF(D6>10,"Abnormal","Normal") -> Normal
A7: 2024-01-07 | B7: DT05 | C7: 3.52 | D7: 8.71 | E7: 20 | F7: 66.83 | G7: 2024-01-07 | H7: =F7/E7 -> 3.3415 | I7: =IF(D7>10,"Abnormal","Normal") -> Normal
A8: 2024-01-07 | B8: DT02 | C8: 5.93 | D8: 9.03 | E8: 16 | F8: 32.38 | G8: 2024-01-07 | H8: =F8/E8 -> 2.02375 | I8: =IF(D8>10,"Abnormal","Normal") -> Normal
A9: 2024-01-07 | B9: DT04 | C9: 5.11 | D9: 8.66 | E9: 45 | F9: 135.11 | G9: 2024-01-07 | H9: =F9/E9 -> 3.0024444 | I9: =IF(D9>10,"Abnormal","Normal") -> Normal
A10: 2024-01-07 | B10: DT02 | C10: 3.34 | D10: 13.06 | E10: 27 | F10: 69.2 | G10: 2024-01-07 | H10: =F10/E10 -> 2.562963 | I10: =IF(D10>10,"Abnormal","Normal") -> Abnormal
A11: 2024-01-07 | B11: DT02 | C11: 7.98 | D11: 9.53 | E11: 32 | F11: 73.96 | G11: 2024-01-07 | H11: =F11/E11 -> 2.31125 | I11: =IF(D11>10,"Abnormal","Normal") -> Normal
A12: 2024-01-07 | B12: DT05 | C12: 2.04 | D12: 14.75 | E12: 19 | F12: 53.08 | G12: 2024-01-07 | H12: =F12/E12 -> 2.7936842 | I12: =IF(D12>10,"Abnormal","Normal") -> Abnormal
A13: 2024-01-08 | B13: DT03 | C13: 6.12 | D13: 11.28 | E13: 32 | F13: 67.49 | G13: 2024-01-08 | H13: =F13/E13 -> 2.1090625 | I13: =IF(D13>10,"Abnormal","Normal") -> Abnormal
... A150: 2024-03-31 | B150: DT02 | C150: 2.41 | D150: 9.43 | E150: 13 | F150: 35.69 | G150: 2024-03-31 | H150: =F150/E150 -> 2.7453846 | I150: =IF(D150>10,"Abnormal","Normal") -> Normal
